fatura_tarihi;fatura_numarasi;barkod;sku;urun_adi;renk_kodu;renk_adi;beden;musteri_kodu;musteri_adi_soyadi;fiyat;odenen;iskonto;vergi;adet
"2025-07-18";"INV-2024-0001";"469046686730";"SKU-ETE-BLU-XXL";"Etek";"BLU";"Mavi";"XXL";"CUST-003";"Mehmet Kaya";1634;3224.4;581;537.4;2
"2025-11-21";"INV-2024-0002";"643812091621";"SKU-CEK-GRY-M";"Ceket";"GRY";"Gri";"M";"CUST-014";"Emre Kılıç";1404;1684.8;0;280.8;1
"2025-04-10";"INV-2024-0003";"255571370473";"SKU-ETE-BLK-M";"Etek";"BLK";"Siyah";"M";"CUST-015";"Gökhan Çetin";945;3402;0;567;3
"2025-08-30";"INV-2024-0004";"545264774498";"SKU-KAZ-WHT-S";"Kazak";"WHT";"Beyaz";"S";"CUST-015";"Gökhan Çetin";658;667.2;102;111.2;1
"2025-10-11";"INV-2024-0005";"738533510764";"SKU-CEK-BLU-L";"Ceket";"BLU";"Mavi";"L";"CUST-006";"Zeynep Yıldız";1908;2289.6;0;381.6;1
"2025-12-05";"INV-2024-0006";"728399302453";"SKU-ELB-BLU-XL";"Elbise";"BLU";"Mavi";"XL";"CUST-014";"Emre Kılıç";514;1233.6;0;205.6;2
"2025-11-14";"INV-2024-0007";"555333466132";"SKU-KAZ-GRY-XXL";"Kazak";"GRY";"Gri";"XXL";"CUST-001";"Ahmet Yılmaz";1265;7590;0;1265;5
"2025-05-30";"INV-2024-0008";"592209515391";"SKU-GOM-BLU-M";"Gömlek";"BLU";"Mavi";"M";"CUST-007";"Ali Özdemir";686;823.2;0;137.2;1
"2025-11-21";"INV-2024-0009";"150001474849";"SKU-TIS-GRY-XL";"Tişört";"GRY";"Gri";"XL";"CUST-009";"Hüseyin Doğan";1379;1317.6;281;219.6;1
"2026-02-18";"INV-2024-0010";"432047586995";"SKU-PAN-BLU-M";"Pantolon";"BLU";"Mavi";"M";"CUST-001";"Ahmet Yılmaz";1977;9489.6;0;1581.6;4
"2026-01-03";"INV-2024-0011";"329511176470";"SKU-HIR-BLU-S";"Hırka";"BLU";"Mavi";"S";"CUST-009";"Hüseyin Doğan";1022;6132;0;1022;5
"2026-01-29";"INV-2024-0012";"588816416260";"SKU-MON-BLU-XXL";"Mont";"BLU";"Mavi";"XXL";"CUST-005";"Mustafa Şahin";1179;7074;0;1179;5
"2025-09-29";"INV-2024-0013";"454136693355";"SKU-CEK-WHT-XL";"Ceket";"WHT";"Beyaz";"XL";"CUST-006";"Zeynep Yıldız";1852;6092.4;479;1015.4;3
"2025-08-24";"INV-2024-0014";"377175460624";"SKU-CEK-PRP-XL";"Ceket";"PRP";"Mor";"XL";"CUST-002";"Ayşe Demir";554;664.8;0;110.8;1
"2025-12-31";"INV-2024-0015";"568869922153";"SKU-ŞOR-BLK-XL";"Şort";"BLK";"Siyah";"XL";"CUST-008";"Elif Arslan";1814;6530.4;0;1088.4;3
"2025-07-12";"INV-2024-0016";"906744941545";"SKU-GOM-RED-L";"Gömlek";"RED";"Kırmızı";"L";"CUST-001";"Ahmet Yılmaz";232;1392;0;232;5
"2025-05-13";"INV-2024-0017";"223309032682";"SKU-ETE-RED-XL";"Etek";"RED";"Kırmızı";"XL";"CUST-004";"Fatma Çelik";464;556.8;0;92.8;1
"2026-03-01";"INV-2024-0018";"885674235347";"SKU-CEK-PRP-XL";"Ceket";"PRP";"Mor";"XL";"CUST-006";"Zeynep Yıldız";1032;2476.8;0;412.8;2
"2025-06-14";"INV-2024-0019";"782483887855";"SKU-KAZ-PRP-XS";"Kazak";"PRP";"Mor";"XS";"CUST-002";"Ayşe Demir";1803;3583.2;620;597.2;2
"2025-06-29";"INV-2024-0020";"571601620584";"SKU-ELB-GRN-XXL";"Elbise";"GRN";"Yeşil";"XXL";"CUST-002";"Ayşe Demir";1664;3993.6;0;665.6;2
"2025-03-12";"INV-2024-0021";"431583134719";"SKU-TIS-BLK-XXL";"Tişört";"BLK";"Siyah";"XXL";"CUST-014";"Emre Kılıç";829;4974;0;829;5
"2026-02-09";"INV-2024-0022";"425642364632";"SKU-CEK-BLK-M";"Ceket";"BLK";"Siyah";"M";"CUST-013";"Selin Öztürk";1533;3679.2;0;613.2;2
"2025-06-07";"INV-2024-0023";"625874046542";"SKU-GOM-BLU-M";"Gömlek";"BLU";"Mavi";"M";"CUST-015";"Gökhan Çetin";1259;7123.2;359;1187.2;5
"2025-12-17";"INV-2024-0024";"431360383765";"SKU-GOM-GRY-L";"Gömlek";"GRY";"Gri";"L";"CUST-015";"Gökhan Çetin";951;5706;0;951;5
"2025-06-20";"INV-2024-0025";"403672968359";"SKU-ŞOR-BLK-S";"Şort";"BLK";"Siyah";"S";"CUST-002";"Ayşe Demir";999;4795.2;0;799.2;4
"2025-03-14";"INV-2024-0026";"293785694800";"SKU-ELB-PRP-XXL";"Elbise";"PRP";"Mor";"XXL";"CUST-009";"Hüseyin Doğan";1827;8769.6;0;1461.6;4
"2025-10-08";"INV-2024-0027";"188364514242";"SKU-ETE-GRN-M";"Etek";"GRN";"Yeşil";"M";"CUST-002";"Ayşe Demir";1128;4060.8;0;676.8;3
"2026-02-28";"INV-2024-0028";"862503153925";"SKU-MON-GRN-M";"Mont";"GRN";"Yeşil";"M";"CUST-007";"Ali Özdemir";901;1081.2;0;180.2;1
"2025-08-30";"INV-2024-0029";"842323299766";"SKU-ETE-YLW-XL";"Etek";"YLW";"Sarı";"XL";"CUST-013";"Selin Öztürk";1583;3799.2;0;633.2;2
"2025-03-28";"INV-2024-0030";"342951060807";"SKU-TIS-GRN-XL";"Tişört";"GRN";"Yeşil";"XL";"CUST-004";"Fatma Çelik";214;1027.2;0;171.2;4
"2025-05-16";"INV-2024-0031";"439126269309";"SKU-TIS-GRY-M";"Tişört";"GRY";"Gri";"M";"CUST-002";"Ayşe Demir";1419;4485.6;519;747.6;3
"2025-08-15";"INV-2024-0032";"812894151198";"SKU-PAN-WHT-XXL";"Pantolon";"WHT";"Beyaz";"XXL";"CUST-009";"Hüseyin Doğan";657;1576.8;0;262.8;2
"2025-05-18";"INV-2024-0033";"526269064727";"SKU-CEK-RED-S";"Ceket";"RED";"Kırmızı";"S";"CUST-011";"Caner Aydın";957;3232.8;177;538.8;3
"2026-02-22";"INV-2024-0034";"444200892619";"SKU-CEK-BLU-S";"Ceket";"BLU";"Mavi";"S";"CUST-007";"Ali Özdemir";627;3009.6;0;501.6;4
"2025-06-14";"INV-2024-0035";"258020568469";"SKU-ŞOR-RED-XS";"Şort";"RED";"Kırmızı";"XS";"CUST-010";"Hatice Aslan";1161;4179.6;0;696.6;3
"2025-08-19";"INV-2024-0036";"628949942587";"SKU-ŞOR-YLW-XXL";"Şort";"YLW";"Sarı";"XXL";"CUST-011";"Caner Aydın";1956;11736;0;1956;5
"2025-05-09";"INV-2024-0037";"630449823941";"SKU-CEK-GRN-L";"Ceket";"GRN";"Yeşil";"L";"CUST-014";"Emre Kılıç";809;4854;0;809;5
"2025-05-31";"INV-2024-0038";"341932897722";"SKU-MON-WHT-XL";"Mont";"WHT";"Beyaz";"XL";"CUST-005";"Mustafa Şahin";591;3546;0;591;5
"2026-01-15";"INV-2024-0039";"584699811564";"SKU-KAZ-PRP-M";"Kazak";"PRP";"Mor";"M";"CUST-012";"Burcu Kaplan";1314;7490.4;328;1248.4;5
"2026-02-03";"INV-2024-0040";"248992848448";"SKU-PAN-PRP-M";"Pantolon";"PRP";"Mor";"M";"CUST-007";"Ali Özdemir";1775;9687.6;802;1614.6;5
"2025-04-30";"INV-2024-0041";"873920233381";"SKU-GOM-BLU-M";"Gömlek";"BLU";"Mavi";"M";"CUST-005";"Mustafa Şahin";1757;8433.6;0;1405.6;4
"2025-03-20";"INV-2024-0042";"741934102913";"SKU-ETE-GRY-XL";"Etek";"GRY";"Gri";"XL";"CUST-015";"Gökhan Çetin";856;3081.6;0;513.6;3
"2025-10-30";"INV-2024-0043";"888640384758";"SKU-TIS-WHT-XXL";"Tişört";"WHT";"Beyaz";"XXL";"CUST-012";"Burcu Kaplan";959;2878.8;478;479.8;3
"2025-04-27";"INV-2024-0044";"467852747594";"SKU-ŞOR-YLW-S";"Şort";"YLW";"Sarı";"S";"CUST-001";"Ahmet Yılmaz";1136;3338.4;626;556.4;3
"2026-01-14";"INV-2024-0045";"982692469211";"SKU-HIR-BLU-XL";"Hırka";"BLU";"Mavi";"XL";"CUST-009";"Hüseyin Doğan";1940;7430.4;1568;1238.4;4
"2025-11-01";"INV-2024-0046";"852191495689";"SKU-ŞOR-WHT-XS";"Şort";"WHT";"Beyaz";"XS";"CUST-014";"Emre Kılıç";1090;3924;0;654;3
"2025-05-27";"INV-2024-0047";"708056664474";"SKU-TIS-GRY-XXL";"Tişört";"GRY";"Gri";"XXL";"CUST-009";"Hüseyin Doğan";1357;8142;0;1357;5
"2025-10-13";"INV-2024-0048";"867552920653";"SKU-ŞOR-GRN-L";"Şort";"GRN";"Yeşil";"L";"CUST-003";"Mehmet Kaya";800;903.6;47;150.6;1
"2026-02-22";"INV-2024-0049";"530421157769";"SKU-ETE-YLW-L";"Etek";"YLW";"Sarı";"L";"CUST-013";"Selin Öztürk";327;1569.6;0;261.6;4
"2025-11-16";"INV-2024-0050";"707828801861";"SKU-ŞOR-WHT-L";"Şort";"WHT";"Beyaz";"L";"CUST-006";"Zeynep Yıldız";1653;5950.8;0;991.8;3
"2025-06-01";"INV-2024-0051";"389656415561";"SKU-TIS-WHT-XS";"Tişört";"WHT";"Beyaz";"XS";"CUST-004";"Fatma Çelik";1945;7002;0;1167;3
"2025-03-13";"INV-2024-0052";"206696523814";"SKU-ETE-GRY-XL";"Etek";"GRY";"Gri";"XL";"CUST-010";"Hatice Aslan";1709;2050.8;0;341.8;1
"2025-06-05";"INV-2024-0053";"645985479486";"SKU-ETE-PRP-XXL";"Etek";"PRP";"Mor";"XXL";"CUST-013";"Selin Öztürk";296;1420.8;0;236.8;4
"2025-08-28";"INV-2024-0054";"735163782029";"SKU-ŞOR-WHT-XS";"Şort";"WHT";"Beyaz";"XS";"CUST-007";"Ali Özdemir";267;320.4;0;53.4;1
"2025-05-07";"INV-2024-0055";"214069892427";"SKU-HIR-RED-M";"Hırka";"RED";"Kırmızı";"M";"CUST-001";"Ahmet Yılmaz";287;688.8;0;114.8;2
"2025-06-10";"INV-2024-0056";"433788340553";"SKU-PAN-GRY-S";"Pantolon";"GRY";"Gri";"S";"CUST-011";"Caner Aydın";238;571.2;0;95.2;2
"2025-04-29";"INV-2024-0057";"929959597507";"SKU-TIS-GRN-XXL";"Tişört";"GRN";"Yeşil";"XXL";"CUST-007";"Ali Özdemir";632;3553.2;199;592.2;5
"2026-02-02";"INV-2024-0058";"250774104354";"SKU-ŞOR-WHT-L";"Şort";"WHT";"Beyaz";"L";"CUST-011";"Caner Aydın";1603;1923.6;0;320.6;1
"2025-09-10";"INV-2024-0059";"278613791544";"SKU-GOM-BLK-XS";"Gömlek";"BLK";"Siyah";"XS";"CUST-012";"Burcu Kaplan";1846;1880.4;279;313.4;1
"2026-02-15";"INV-2024-0060";"450971490185";"SKU-ELB-GRY-XS";"Elbise";"GRY";"Gri";"XS";"CUST-004";"Fatma Çelik";273;1534.8;86;255.8;5
"2025-09-06";"INV-2024-0061";"834860426470";"SKU-MON-YLW-XS";"Mont";"YLW";"Sarı";"XS";"CUST-013";"Selin Öztürk";1590;7632;0;1272;4
"2025-07-02";"INV-2024-0062";"768980235780";"SKU-ETE-WHT-S";"Etek";"WHT";"Beyaz";"S";"CUST-005";"Mustafa Şahin";369;442.8;0;73.8;1
"2025-12-29";"INV-2024-0063";"898840883764";"SKU-HIR-BLK-S";"Hırka";"BLK";"Siyah";"S";"CUST-013";"Selin Öztürk";1412;5910;723;985;4
"2025-03-18";"INV-2024-0064";"722602822551";"SKU-TIS-BLU-XS";"Tişört";"BLU";"Mavi";"XS";"CUST-007";"Ali Özdemir";1228;1213.2;217;202.2;1
"2025-08-14";"INV-2024-0065";"857015390650";"SKU-MON-YLW-XL";"Mont";"YLW";"Sarı";"XL";"CUST-003";"Mehmet Kaya";1380;1656;0;276;1
"2025-03-13";"INV-2024-0066";"363119507461";"SKU-ELB-BLK-XL";"Elbise";"BLK";"Siyah";"XL";"CUST-014";"Emre Kılıç";381;1652.4;147;275.4;4
"2025-05-19";"INV-2024-0067";"484903546733";"SKU-PAN-BLK-L";"Pantolon";"BLK";"Siyah";"L";"CUST-014";"Emre Kılıç";1957;1897.2;376;316.2;1
"2025-09-20";"INV-2024-0068";"872434845630";"SKU-CEK-PRP-S";"Ceket";"PRP";"Mor";"S";"CUST-010";"Hatice Aslan";1380;6013.2;509;1002.2;4
"2025-08-02";"INV-2024-0069";"893147828845";"SKU-HIR-RED-M";"Hırka";"RED";"Kırmızı";"M";"CUST-014";"Emre Kılıç";1621;1945.2;0;324.2;1
"2025-08-01";"INV-2024-0070";"424238264253";"SKU-CEK-BLU-XS";"Ceket";"BLU";"Mavi";"XS";"CUST-006";"Zeynep Yıldız";1227;1472.4;0;245.4;1
"2026-02-18";"INV-2024-0071";"424733202131";"SKU-MON-WHT-XS";"Mont";"WHT";"Beyaz";"XS";"CUST-003";"Mehmet Kaya";1922;6919.2;0;1153.2;3
"2025-06-02";"INV-2024-0072";"266244902781";"SKU-ETE-BLK-XXL";"Etek";"BLK";"Siyah";"XXL";"CUST-014";"Emre Kılıç";1510;5011.2;354;835.2;3
"2025-11-15";"INV-2024-0073";"176571283889";"SKU-GOM-RED-M";"Gömlek";"RED";"Kırmızı";"M";"CUST-008";"Elif Arslan";265;1272;0;212;4
"2025-04-06";"INV-2024-0074";"499092348287";"SKU-PAN-YLW-XXL";"Pantolon";"YLW";"Sarı";"XXL";"CUST-002";"Ayşe Demir";1825;1711.2;399;285.2;1
"2025-12-19";"INV-2024-0075";"762632919261";"SKU-HIR-GRN-L";"Hırka";"GRN";"Yeşil";"L";"CUST-015";"Gökhan Çetin";1354;4874.4;0;812.4;3
"2025-05-29";"INV-2024-0076";"292908770190";"SKU-MON-GRY-XS";"Mont";"GRY";"Gri";"XS";"CUST-015";"Gökhan Çetin";1510;7248;0;1208;4
"2026-02-18";"INV-2024-0077";"972894535111";"SKU-GOM-GRY-M";"Gömlek";"GRY";"Gri";"M";"CUST-009";"Hüseyin Doğan";1264;1376.4;117;229.4;1
"2025-09-13";"INV-2024-0078";"867557126959";"SKU-ŞOR-YLW-L";"Şort";"YLW";"Sarı";"L";"CUST-007";"Ali Özdemir";1687;8097.6;0;1349.6;4
"2025-10-01";"INV-2024-0079";"879915003488";"SKU-MON-GRN-M";"Mont";"GRN";"Yeşil";"M";"CUST-012";"Burcu Kaplan";844;1884;118;314;2
"2025-05-06";"INV-2024-0080";"527213214348";"SKU-GOM-GRY-XL";"Gömlek";"GRY";"Gri";"XL";"CUST-004";"Fatma Çelik";1110;1332;0;222;1
"2025-07-17";"INV-2024-0081";"656817403663";"SKU-KAZ-BLK-L";"Kazak";"BLK";"Siyah";"L";"CUST-011";"Caner Aydın";452;2712;0;452;5
"2025-05-05";"INV-2024-0082";"552185263070";"SKU-ETE-WHT-L";"Etek";"WHT";"Beyaz";"L";"CUST-001";"Ahmet Yılmaz";1950;9360;0;1560;4
"2025-11-13";"INV-2024-0083";"851704684448";"SKU-KAZ-RED-M";"Kazak";"RED";"Kırmızı";"M";"CUST-015";"Gökhan Çetin";641;3846;0;641;5
"2025-06-21";"INV-2024-0084";"517533008053";"SKU-MON-BLU-M";"Mont";"BLU";"Mavi";"M";"CUST-001";"Ahmet Yılmaz";1144;6864;0;1144;5
"2026-03-09";"INV-2024-0085";"550686976323";"SKU-CEK-BLU-XXL";"Ceket";"BLU";"Mavi";"XXL";"CUST-008";"Elif Arslan";1982;2378.4;0;396.4;1
"2025-06-28";"INV-2024-0086";"573819297514";"SKU-KAZ-RED-XXL";"Kazak";"RED";"Kırmızı";"XXL";"CUST-008";"Elif Arslan";954;2289.6;0;381.6;2
"2026-02-10";"INV-2024-0087";"110195586306";"SKU-HIR-RED-L";"Hırka";"RED";"Kırmızı";"L";"CUST-005";"Mustafa Şahin";991;5946;0;991;5
"2025-12-16";"INV-2024-0088";"709292317082";"SKU-ŞOR-YLW-XS";"Şort";"YLW";"Sarı";"XS";"CUST-004";"Fatma Çelik";354;849.6;0;141.6;2
"2025-12-07";"INV-2024-0089";"348700897124";"SKU-ŞOR-YLW-S";"Şort";"YLW";"Sarı";"S";"CUST-009";"Hüseyin Doğan";1623;9738;0;1623;5
"2026-01-31";"INV-2024-0090";"785460564880";"SKU-HIR-GRN-S";"Hırka";"GRN";"Yeşil";"S";"CUST-002";"Ayşe Demir";1566;3758.4;0;626.4;2
"2025-11-18";"INV-2024-0091";"927113098960";"SKU-ŞOR-BLU-XL";"Şort";"BLU";"Mavi";"XL";"CUST-002";"Ayşe Demir";1399;5036.4;0;839.4;3
"2025-12-05";"INV-2024-0092";"264327375209";"SKU-MON-GRY-XS";"Mont";"GRY";"Gri";"XS";"CUST-005";"Mustafa Şahin";1953;6266.4;637;1044.4;3
"2025-12-12";"INV-2024-0093";"459394967995";"SKU-ETE-BLU-S";"Etek";"BLU";"Mavi";"S";"CUST-005";"Mustafa Şahin";607;2923.2;599;487.2;5
"2025-12-17";"INV-2024-0094";"308435074527";"SKU-TIS-YLW-M";"Tişört";"YLW";"Sarı";"M";"CUST-008";"Elif Arslan";236;916.8;180;152.8;4
"2025-08-30";"INV-2024-0095";"859103158621";"SKU-PAN-BLU-S";"Pantolon";"BLU";"Mavi";"S";"CUST-010";"Hatice Aslan";1432;6435.6;365;1072.6;4
"2025-07-15";"INV-2024-0096";"633218900142";"SKU-TIS-WHT-L";"Tişört";"WHT";"Beyaz";"L";"CUST-003";"Mehmet Kaya";1485;8910;0;1485;5
"2025-11-27";"INV-2024-0097";"951032532485";"SKU-GOM-YLW-XL";"Gömlek";"YLW";"Sarı";"XL";"CUST-013";"Selin Öztürk";1719;2062.8;0;343.8;1
"2025-09-25";"INV-2024-0098";"221610525639";"SKU-ETE-WHT-XL";"Etek";"WHT";"Beyaz";"XL";"CUST-002";"Ayşe Demir";979;4378.8;267;729.8;4
"2025-12-31";"INV-2024-0099";"724205172572";"SKU-TIS-PRP-XL";"Tişört";"PRP";"Mor";"XL";"CUST-001";"Ahmet Yılmaz";535;1284;0;214;2
"2026-02-23";"INV-2024-0100";"433531051594";"SKU-HIR-BLK-XS";"Hırka";"BLK";"Siyah";"XS";"CUST-008";"Elif Arslan";495;2270.4;583;378.4;5
"2025-06-10";"INV-2024-0101";"252741874708";"SKU-CEK-BLK-XS";"Ceket";"BLK";"Siyah";"XS";"CUST-005";"Mustafa Şahin";335;804;0;134;2
"2025-08-25";"INV-2024-0102";"104424251776";"SKU-TIS-YLW-XL";"Tişört";"YLW";"Sarı";"XL";"CUST-012";"Burcu Kaplan";1794;2152.8;0;358.8;1
"2025-08-13";"INV-2024-0103";"745958297515";"SKU-KAZ-GRN-XXL";"Kazak";"GRN";"Yeşil";"XXL";"CUST-011";"Caner Aydın";1369;1642.8;0;273.8;1
"2025-10-25";"INV-2024-0104";"258253733306";"SKU-GOM-GRN-XL";"Gömlek";"GRN";"Yeşil";"XL";"CUST-001";"Ahmet Yılmaz";824;988.8;0;164.8;1
"2026-01-01";"INV-2024-0105";"891725522060";"SKU-PAN-PRP-XXL";"Pantolon";"PRP";"Mor";"XXL";"CUST-008";"Elif Arslan";313;1629.6;207;271.6;5
"2025-06-20";"INV-2024-0106";"404990939217";"SKU-TIS-WHT-XL";"Tişört";"WHT";"Beyaz";"XL";"CUST-004";"Fatma Çelik";1139;4100.4;0;683.4;3
"2026-02-02";"INV-2024-0107";"960187378754";"SKU-MON-WHT-S";"Mont";"WHT";"Beyaz";"S";"CUST-002";"Ayşe Demir";980;4704;0;784;4
"2025-09-22";"INV-2024-0108";"391032213494";"SKU-KAZ-GRN-L";"Kazak";"GRN";"Yeşil";"L";"CUST-013";"Selin Öztürk";1035;4718.4;1243;786.4;5
"2025-12-10";"INV-2024-0109";"517742012485";"SKU-ETE-RED-L";"Etek";"RED";"Kırmızı";"L";"CUST-003";"Mehmet Kaya";817;4902;0;817;5
"2025-04-05";"INV-2024-0110";"277971262351";"SKU-ŞOR-WHT-XXL";"Şort";"WHT";"Beyaz";"XXL";"CUST-008";"Elif Arslan";542;2601.6;0;433.6;4
"2026-03-08";"INV-2024-0111";"319328393130";"SKU-HIR-RED-XL";"Hırka";"RED";"Kırmızı";"XL";"CUST-011";"Caner Aydın";451;1623.6;0;270.6;3
"2025-04-29";"INV-2024-0112";"256360773780";"SKU-ETE-BLK-XXL";"Etek";"BLK";"Siyah";"XXL";"CUST-008";"Elif Arslan";441;2646;0;441;5
"2025-11-20";"INV-2024-0113";"510700879582";"SKU-CEK-GRY-XS";"Ceket";"GRY";"Gri";"XS";"CUST-002";"Ayşe Demir";1137;1129.2;196;188.2;1
"2025-12-20";"INV-2024-0114";"299870696463";"SKU-HIR-GRN-XXL";"Hırka";"GRN";"Yeşil";"XXL";"CUST-008";"Elif Arslan";812;3897.6;0;649.6;4
"2025-07-08";"INV-2024-0115";"964422947906";"SKU-TIS-BLU-XXL";"Tişört";"BLU";"Mavi";"XXL";"CUST-014";"Emre Kılıç";1733;1744.8;279;290.8;1
"2026-01-12";"INV-2024-0116";"878462557273";"SKU-TIS-BLU-XL";"Tişört";"BLU";"Mavi";"XL";"CUST-001";"Ahmet Yılmaz";1579;3529.2;217;588.2;2
"2025-04-07";"INV-2024-0117";"375643132567";"SKU-ELB-WHT-XS";"Elbise";"WHT";"Beyaz";"XS";"CUST-002";"Ayşe Demir";872;5232;0;872;5
"2025-08-09";"INV-2024-0118";"463701555823";"SKU-CEK-GRY-XS";"Ceket";"GRY";"Gri";"XS";"CUST-001";"Ahmet Yılmaz";627;2257.2;0;376.2;3
"2025-06-10";"INV-2024-0119";"469027438808";"SKU-MON-BLK-XS";"Mont";"BLK";"Siyah";"XS";"CUST-015";"Gökhan Çetin";1867;9103.2;1749;1517.2;5
"2025-09-13";"INV-2024-0120";"220829227078";"SKU-CEK-RED-M";"Ceket";"RED";"Kırmızı";"M";"CUST-006";"Zeynep Yıldız";1976;7113.6;0;1185.6;3
"2025-10-31";"INV-2024-0121";"464076361724";"SKU-MON-GRN-L";"Mont";"GRN";"Yeşil";"L";"CUST-003";"Mehmet Kaya";467;560.4;0;93.4;1
"2025-12-10";"INV-2024-0122";"480493878351";"SKU-ELB-YLW-M";"Elbise";"YLW";"Sarı";"M";"CUST-006";"Zeynep Yıldız";793;1903.2;0;317.2;2
"2026-03-10";"INV-2024-0123";"974847128055";"SKU-KAZ-RED-XL";"Kazak";"RED";"Kırmızı";"XL";"CUST-004";"Fatma Çelik";1841;2209.2;0;368.2;1
"2025-11-19";"INV-2024-0124";"863034983943";"SKU-KAZ-BLU-XS";"Kazak";"BLU";"Mavi";"XS";"CUST-014";"Emre Kılıç";1840;4416;0;736;2
"2026-03-01";"INV-2024-0125";"302817480643";"SKU-MON-GRN-XL";"Mont";"GRN";"Yeşil";"XL";"CUST-008";"Elif Arslan";507;1216.8;0;202.8;2
"2026-02-24";"INV-2024-0126";"523112725806";"SKU-MON-BLU-XL";"Mont";"BLU";"Mavi";"XL";"CUST-005";"Mustafa Şahin";1890;8602.8;391;1433.8;4
"2025-10-22";"INV-2024-0127";"623925694939";"SKU-ETE-YLW-S";"Etek";"YLW";"Sarı";"S";"CUST-009";"Hüseyin Doğan";1055;3798;0;633;3
"2025-12-07";"INV-2024-0128";"494784430214";"SKU-TIS-BLU-S";"Tişört";"BLU";"Mavi";"S";"CUST-004";"Fatma Çelik";653;3134.4;0;522.4;4
"2025-08-05";"INV-2024-0129";"475350897315";"SKU-CEK-BLK-L";"Ceket";"BLK";"Siyah";"L";"CUST-013";"Selin Öztürk";1808;4024.8;262;670.8;2
"2025-10-03";"INV-2024-0130";"197776383026";"SKU-GOM-BLK-L";"Gömlek";"BLK";"Siyah";"L";"CUST-011";"Caner Aydın";1180;4248;0;708;3
"2025-06-30";"INV-2024-0131";"348894441103";"SKU-MON-RED-M";"Mont";"RED";"Kırmızı";"M";"CUST-008";"Elif Arslan";736;2649.6;0;441.6;3
"2026-02-04";"INV-2024-0132";"821013761389";"SKU-ETE-PRP-L";"Etek";"PRP";"Mor";"L";"CUST-005";"Mustafa Şahin";1556;5601.6;0;933.6;3
"2025-09-04";"INV-2024-0133";"376503654847";"SKU-ŞOR-YLW-L";"Şort";"YLW";"Sarı";"L";"CUST-006";"Zeynep Yıldız";830;1858.8;111;309.8;2
"2025-08-12";"INV-2024-0134";"941103607238";"SKU-GOM-WHT-XS";"Gömlek";"WHT";"Beyaz";"XS";"CUST-010";"Hatice Aslan";1869;11214;0;1869;5
"2026-01-26";"INV-2024-0135";"210630106200";"SKU-ETE-BLK-XXL";"Etek";"BLK";"Siyah";"XXL";"CUST-007";"Ali Özdemir";1112;1334.4;0;222.4;1
"2025-12-31";"INV-2024-0136";"606598790808";"SKU-MON-PRP-XS";"Mont";"PRP";"Mor";"XS";"CUST-003";"Mehmet Kaya";1706;7219.2;808;1203.2;4
"2025-07-11";"INV-2024-0137";"127039156708";"SKU-CEK-GRY-L";"Ceket";"GRY";"Gri";"L";"CUST-006";"Zeynep Yıldız";1348;1617.6;0;269.6;1
"2026-01-14";"INV-2024-0138";"592111015343";"SKU-PAN-PRP-L";"Pantolon";"PRP";"Mor";"L";"CUST-007";"Ali Özdemir";327;392.4;0;65.4;1
"2025-12-29";"INV-2024-0139";"242505211352";"SKU-KAZ-BLK-S";"Kazak";"BLK";"Siyah";"S";"CUST-014";"Emre Kılıç";862;817.2;181;136.2;1
"2025-10-03";"INV-2024-0140";"360918874306";"SKU-KAZ-RED-M";"Kazak";"RED";"Kırmızı";"M";"CUST-011";"Caner Aydın";831;1879.2;96;313.2;2
"2025-05-05";"INV-2024-0141";"713726120361";"SKU-HIR-YLW-L";"Hırka";"YLW";"Sarı";"L";"CUST-009";"Hüseyin Doğan";431;1551.6;0;258.6;3
"2025-11-09";"INV-2024-0142";"178027298781";"SKU-MON-GRY-XXL";"Mont";"GRY";"Gri";"XXL";"CUST-015";"Gökhan Çetin";800;1920;0;320;2
"2025-11-29";"INV-2024-0143";"961536248869";"SKU-MON-RED-S";"Mont";"RED";"Kırmızı";"S";"CUST-006";"Zeynep Yıldız";1116;2678.4;0;446.4;2
"2025-10-20";"INV-2024-0144";"161976508562";"SKU-PAN-GRN-L";"Pantolon";"GRN";"Yeşil";"L";"CUST-001";"Ahmet Yılmaz";247;1185.6;0;197.6;4
"2025-11-01";"INV-2024-0145";"292780120222";"SKU-CEK-GRY-S";"Ceket";"GRY";"Gri";"S";"CUST-014";"Emre Kılıç";853;2548.8;435;424.8;3
"2025-09-09";"INV-2024-0146";"614419297924";"SKU-GOM-RED-XXL";"Gömlek";"RED";"Kırmızı";"XXL";"CUST-012";"Burcu Kaplan";700;3360;0;560;4
"2025-09-30";"INV-2024-0147";"748459943946";"SKU-TIS-BLU-XXL";"Tişört";"BLU";"Mavi";"XXL";"CUST-006";"Zeynep Yıldız";1192;2860.8;0;476.8;2
"2025-08-25";"INV-2024-0148";"655818818483";"SKU-ETE-BLK-M";"Etek";"BLK";"Siyah";"M";"CUST-002";"Ayşe Demir";1316;7896;0;1316;5
"2025-08-11";"INV-2024-0149";"339050842531";"SKU-ELB-PRP-XXL";"Elbise";"PRP";"Mor";"XXL";"CUST-003";"Mehmet Kaya";679;1629.6;0;271.6;2
"2025-08-16";"INV-2024-0150";"930992661623";"SKU-GOM-PRP-S";"Gömlek";"PRP";"Mor";"S";"CUST-014";"Emre Kılıç";1917;2300.4;0;383.4;1
"2025-12-01";"INV-2024-0151";"496828231873";"SKU-MON-BLU-XXL";"Mont";"BLU";"Mavi";"XXL";"CUST-005";"Mustafa Şahin";1353;7675.2;369;1279.2;5
"2025-06-10";"INV-2024-0152";"265245798694";"SKU-CEK-BLU-S";"Ceket";"BLU";"Mavi";"S";"CUST-010";"Hatice Aslan";1424;4266;717;711;3
"2025-07-28";"INV-2024-0153";"339877323283";"SKU-ELB-RED-S";"Elbise";"RED";"Kırmızı";"S";"CUST-004";"Fatma Çelik";1413;5858.4;770;976.4;4
"2025-05-13";"INV-2024-0154";"909041930645";"SKU-KAZ-BLK-XL";"Kazak";"BLK";"Siyah";"XL";"CUST-013";"Selin Öztürk";1999;6222;812;1037;3
"2025-09-19";"INV-2024-0155";"110006635826";"SKU-TIS-BLU-M";"Tişört";"BLU";"Mavi";"M";"CUST-006";"Zeynep Yıldız";229;549.6;0;91.6;2
"2026-01-18";"INV-2024-0156";"847751124628";"SKU-KAZ-BLK-XL";"Kazak";"BLK";"Siyah";"XL";"CUST-010";"Hatice Aslan";497;1586.4;169;264.4;3
"2025-12-23";"INV-2024-0157";"330542269880";"SKU-CEK-PRP-XS";"Ceket";"PRP";"Mor";"XS";"CUST-005";"Mustafa Şahin";1100;5258.4;1118;876.4;5
"2025-11-08";"INV-2024-0158";"537860303440";"SKU-MON-WHT-XS";"Mont";"WHT";"Beyaz";"XS";"CUST-011";"Caner Aydın";1432;8592;0;1432;5
"2026-02-25";"INV-2024-0159";"145419749330";"SKU-CEK-YLW-M";"Ceket";"YLW";"Sarı";"M";"CUST-007";"Ali Özdemir";796;3820.8;0;636.8;4
"2025-12-07";"INV-2024-0160";"468264573482";"SKU-ŞOR-GRN-M";"Şort";"GRN";"Yeşil";"M";"CUST-006";"Zeynep Yıldız";1609;1930.8;0;321.8;1
"2025-07-19";"INV-2024-0161";"908012970349";"SKU-ETE-PRP-XXL";"Etek";"PRP";"Mor";"XXL";"CUST-014";"Emre Kılıç";816;2937.6;0;489.6;3
"2025-04-03";"INV-2024-0162";"830163373049";"SKU-HIR-GRY-XS";"Hırka";"GRY";"Gri";"XS";"CUST-009";"Hüseyin Doğan";1645;9870;0;1645;5
"2025-11-16";"INV-2024-0163";"501573257483";"SKU-GOM-WHT-L";"Gömlek";"WHT";"Beyaz";"L";"CUST-013";"Selin Öztürk";1257;5534.4;416;922.4;4
"2025-10-12";"INV-2024-0164";"605922603999";"SKU-MON-PRP-XS";"Mont";"PRP";"Mor";"XS";"CUST-006";"Zeynep Yıldız";316;1896;0;316;5
"2025-06-03";"INV-2024-0165";"629082406866";"SKU-MON-RED-XS";"Mont";"RED";"Kırmızı";"XS";"CUST-007";"Ali Özdemir";1351;1621.2;0;270.2;1
"2026-03-01";"INV-2024-0166";"301902771881";"SKU-TIS-WHT-XS";"Tişört";"WHT";"Beyaz";"XS";"CUST-015";"Gökhan Çetin";303;344.4;16;57.4;1
"2025-10-06";"INV-2024-0167";"948533402187";"SKU-MON-WHT-M";"Mont";"WHT";"Beyaz";"M";"CUST-006";"Zeynep Yıldız";1519;3399.6;205;566.6;2
"2026-01-12";"INV-2024-0168";"566473322439";"SKU-TIS-RED-M";"Tişört";"RED";"Kırmızı";"M";"CUST-012";"Burcu Kaplan";1932;11592;0;1932;5
"2025-07-26";"INV-2024-0169";"642307443730";"SKU-MON-GRN-S";"Mont";"GRN";"Yeşil";"S";"CUST-007";"Ali Özdemir";1969;10023.6;1492;1670.6;5
"2025-06-23";"INV-2024-0170";"593907841267";"SKU-PAN-GRY-XXL";"Pantolon";"GRY";"Gri";"XXL";"CUST-012";"Burcu Kaplan";1933;2319.6;0;386.6;1
"2026-03-02";"INV-2024-0171";"483920425653";"SKU-CEK-BLU-XL";"Ceket";"BLU";"Mavi";"XL";"CUST-015";"Gökhan Çetin";479;1149.6;0;191.6;2
"2025-08-23";"INV-2024-0172";"651361742001";"SKU-ŞOR-BLU-XL";"Şort";"BLU";"Mavi";"XL";"CUST-005";"Mustafa Şahin";1108;1329.6;0;221.6;1
"2025-04-01";"INV-2024-0173";"995297506807";"SKU-MON-BLK-L";"Mont";"BLK";"Siyah";"L";"CUST-010";"Hatice Aslan";1162;5786.4;988;964.4;5
"2026-02-21";"INV-2024-0174";"464953337494";"SKU-HIR-WHT-XS";"Hırka";"WHT";"Beyaz";"XS";"CUST-004";"Fatma Çelik";336;319.2;70;53.2;1
"2026-01-11";"INV-2024-0175";"175452730529";"SKU-ELB-RED-XXL";"Elbise";"RED";"Kırmızı";"XXL";"CUST-002";"Ayşe Demir";1432;3436.8;0;572.8;2
"2025-11-09";"INV-2024-0176";"305699562832";"SKU-PAN-BLK-L";"Pantolon";"BLK";"Siyah";"L";"CUST-003";"Mehmet Kaya";1612;7737.6;0;1289.6;4
"2026-01-28";"INV-2024-0177";"481233691033";"SKU-KAZ-BLK-S";"Kazak";"BLK";"Siyah";"S";"CUST-015";"Gökhan Çetin";389;1057.2;286;176.2;3
"2025-03-13";"INV-2024-0178";"533184167999";"SKU-ŞOR-PRP-M";"Şort";"PRP";"Mor";"M";"CUST-009";"Hüseyin Doğan";761;913.2;0;152.2;1
"2025-04-11";"INV-2024-0179";"660101884558";"SKU-ETE-RED-XS";"Etek";"RED";"Kırmızı";"XS";"CUST-015";"Gökhan Çetin";281;674.4;0;112.4;2
"2025-09-15";"INV-2024-0180";"522469631872";"SKU-ŞOR-GRN-XS";"Şort";"GRN";"Yeşil";"XS";"CUST-004";"Fatma Çelik";838;3016.8;0;502.8;3
"2025-06-23";"INV-2024-0181";"688314813137";"SKU-ETE-GRN-M";"Etek";"GRN";"Yeşil";"M";"CUST-007";"Ali Özdemir";1953;4046.4;534;674.4;2
"2025-08-12";"INV-2024-0182";"477523950784";"SKU-PAN-RED-L";"Pantolon";"RED";"Kırmızı";"L";"CUST-001";"Ahmet Yılmaz";1388;1336.8;274;222.8;1
"2026-01-14";"INV-2024-0183";"677773945173";"SKU-ŞOR-BLU-S";"Şort";"BLU";"Mavi";"S";"CUST-012";"Burcu Kaplan";1464;5270.4;0;878.4;3
"2025-05-21";"INV-2024-0184";"535591974729";"SKU-MON-RED-M";"Mont";"RED";"Kırmızı";"M";"CUST-013";"Selin Öztürk";1227;4417.2;0;736.2;3
"2025-05-05";"INV-2024-0185";"663787473272";"SKU-ELB-GRY-L";"Elbise";"GRY";"Gri";"L";"CUST-015";"Gökhan Çetin";378;2268;0;378;5
"2025-08-23";"INV-2024-0186";"879098124195";"SKU-ELB-GRY-XS";"Elbise";"GRY";"Gri";"XS";"CUST-006";"Zeynep Yıldız";354;1274.4;0;212.4;3
"2025-05-11";"INV-2024-0187";"527720475010";"SKU-CEK-YLW-XXL";"Ceket";"YLW";"Sarı";"XXL";"CUST-003";"Mehmet Kaya";1781;6411.6;0;1068.6;3
"2025-07-21";"INV-2024-0188";"500808250217";"SKU-TIS-WHT-XXL";"Tişört";"WHT";"Beyaz";"XXL";"CUST-002";"Ayşe Demir";1752;5397.6;758;899.6;3
"2025-05-09";"INV-2024-0189";"725239135231";"SKU-GOM-GRN-S";"Gömlek";"GRN";"Yeşil";"S";"CUST-013";"Selin Öztürk";1970;4728;0;788;2
"2025-04-02";"INV-2024-0190";"962648090168";"SKU-PAN-WHT-L";"Pantolon";"WHT";"Beyaz";"L";"CUST-002";"Ayşe Demir";945;862.8;226;143.8;1
"2026-01-07";"INV-2024-0191";"659861555484";"SKU-ŞOR-PRP-XXL";"Şort";"PRP";"Mor";"XXL";"CUST-010";"Hatice Aslan";1627;1952.4;0;325.4;1
"2026-03-09";"INV-2024-0192";"667233433235";"SKU-PAN-GRY-M";"Pantolon";"GRY";"Gri";"M";"CUST-009";"Hüseyin Doğan";1729;6224.4;0;1037.4;3
"2026-01-14";"INV-2024-0193";"825981992557";"SKU-MON-GRN-XS";"Mont";"GRN";"Yeşil";"XS";"CUST-015";"Gökhan Çetin";1922;7918.8;1089;1319.8;4
"2025-08-04";"INV-2024-0194";"274075715253";"SKU-GOM-BLK-S";"Gömlek";"BLK";"Siyah";"S";"CUST-009";"Hüseyin Doğan";1699;4077.6;0;679.6;2
"2026-02-24";"INV-2024-0195";"169299219449";"SKU-PAN-BLU-XS";"Pantolon";"BLU";"Mavi";"XS";"CUST-007";"Ali Özdemir";1636;5889.6;0;981.6;3
"2025-05-31";"INV-2024-0196";"280264964421";"SKU-MON-GRY-XL";"Mont";"GRY";"Gri";"XL";"CUST-014";"Emre Kılıç";1963;2355.6;0;392.6;1
"2025-11-08";"INV-2024-0197";"463240267855";"SKU-MON-BLK-XS";"Mont";"BLK";"Siyah";"XS";"CUST-013";"Selin Öztürk";278;1668;0;278;5
"2025-07-28";"INV-2024-0198";"103117343896";"SKU-ŞOR-PRP-XXL";"Şort";"PRP";"Mor";"XXL";"CUST-011";"Caner Aydın";351;2106;0;351;5
"2025-05-20";"INV-2024-0199";"141092630584";"SKU-KAZ-PRP-XL";"Kazak";"PRP";"Mor";"XL";"CUST-013";"Selin Öztürk";1310;3144;0;524;2
"2025-10-30";"INV-2024-0200";"819388081231";"SKU-HIR-WHT-XS";"Hırka";"WHT";"Beyaz";"XS";"CUST-011";"Caner Aydın";324;1944;0;324;5
"2025-10-06";"INV-2024-0201";"190646290936";"SKU-GOM-RED-XL";"Gömlek";"RED";"Kırmızı";"XL";"CUST-010";"Hatice Aslan";349;1299.6;313;216.6;4
"2025-10-18";"INV-2024-0202";"766441163428";"SKU-TIS-BLU-S";"Tişört";"BLU";"Mavi";"S";"CUST-011";"Caner Aydın";1837;6258;296;1043;3
"2025-07-26";"INV-2024-0203";"958757403005";"SKU-ELB-BLU-XL";"Elbise";"BLU";"Mavi";"XL";"CUST-008";"Elif Arslan";1806;8668.8;0;1444.8;4
"2025-07-31";"INV-2024-0204";"984025949209";"SKU-GOM-GRN-S";"Gömlek";"GRN";"Yeşil";"S";"CUST-013";"Selin Öztürk";487;584.4;0;97.4;1
"2026-01-24";"INV-2024-0205";"127701933046";"SKU-TIS-BLU-L";"Tişört";"BLU";"Mavi";"L";"CUST-006";"Zeynep Yıldız";1712;8217.6;0;1369.6;4
"2025-06-27";"INV-2024-0206";"335982741140";"SKU-GOM-PRP-S";"Gömlek";"PRP";"Mor";"S";"CUST-012";"Burcu Kaplan";1544;5558.4;0;926.4;3
"2026-03-05";"INV-2024-0207";"927169037407";"SKU-ŞOR-WHT-L";"Şort";"WHT";"Beyaz";"L";"CUST-006";"Zeynep Yıldız";805;1932;0;322;2
"2026-01-10";"INV-2024-0208";"158431126702";"SKU-ETE-PRP-L";"Etek";"PRP";"Mor";"L";"CUST-010";"Hatice Aslan";579;568.8;105;94.8;1
"2026-01-02";"INV-2024-0209";"650347487081";"SKU-ETE-GRN-L";"Etek";"GRN";"Yeşil";"L";"CUST-006";"Zeynep Yıldız";806;4836;0;806;5
"2025-10-23";"INV-2024-0210";"806794625851";"SKU-ELB-BLK-XS";"Elbise";"BLK";"Siyah";"XS";"CUST-015";"Gökhan Çetin";1178;5654.4;0;942.4;4
"2025-08-30";"INV-2024-0211";"631071586379";"SKU-HIR-BLK-S";"Hırka";"BLK";"Siyah";"S";"CUST-015";"Gökhan Çetin";947;1136.4;0;189.4;1
"2025-11-12";"INV-2024-0212";"710084685978";"SKU-HIR-BLU-S";"Hırka";"BLU";"Mavi";"S";"CUST-004";"Fatma Çelik";672;4032;0;672;5
"2026-03-08";"INV-2024-0213";"988287692632";"SKU-GOM-WHT-XL";"Gömlek";"WHT";"Beyaz";"XL";"CUST-002";"Ayşe Demir";1340;8040;0;1340;5
"2025-07-11";"INV-2024-0214";"177373514162";"SKU-PAN-RED-XL";"Pantolon";"RED";"Kırmızı";"XL";"CUST-004";"Fatma Çelik";1777;2132.4;0;355.4;1
"2025-05-22";"INV-2024-0215";"989246847627";"SKU-TIS-GRN-XL";"Tişört";"GRN";"Yeşil";"XL";"CUST-004";"Fatma Çelik";446;1605.6;0;267.6;3
"2025-04-04";"INV-2024-0216";"102657450327";"SKU-CEK-BLU-L";"Ceket";"BLU";"Mavi";"L";"CUST-008";"Elif Arslan";1012;2428.8;0;404.8;2
"2025-08-04";"INV-2024-0217";"182701318242";"SKU-TIS-GRY-S";"Tişört";"GRY";"Gri";"S";"CUST-009";"Hüseyin Doğan";376;369.6;68;61.6;1
"2025-07-13";"INV-2024-0218";"421985714935";"SKU-GOM-BLU-XL";"Gömlek";"BLU";"Mavi";"XL";"CUST-006";"Zeynep Yıldız";274;274.8;45;45.8;1
"2025-06-30";"INV-2024-0219";"264460663678";"SKU-KAZ-YLW-XXL";"Kazak";"YLW";"Sarı";"XXL";"CUST-011";"Caner Aydın";1164;5587.2;0;931.2;4
"2025-03-26";"INV-2024-0220";"584018043930";"SKU-ŞOR-YLW-XL";"Şort";"YLW";"Sarı";"XL";"CUST-009";"Hüseyin Doğan";940;3384;0;564;3
"2025-07-11";"INV-2024-0221";"665624941980";"SKU-TIS-BLK-L";"Tişört";"BLK";"Siyah";"L";"CUST-013";"Selin Öztürk";1080;6480;0;1080;5
"2025-07-06";"INV-2024-0222";"809120616499";"SKU-ETE-GRN-L";"Etek";"GRN";"Yeşil";"L";"CUST-012";"Burcu Kaplan";1920;2304;0;384;1
"2025-11-27";"INV-2024-0223";"479529843958";"SKU-TIS-BLU-XS";"Tişört";"BLU";"Mavi";"XS";"CUST-014";"Emre Kılıç";311;373.2;0;62.2;1
"2025-07-07";"INV-2024-0224";"650448041504";"SKU-MON-BLU-XS";"Mont";"BLU";"Mavi";"XS";"CUST-004";"Fatma Çelik";687;2473.2;0;412.2;3
"2026-02-11";"INV-2024-0225";"377432712787";"SKU-ŞOR-GRN-XL";"Şort";"GRN";"Yeşil";"XL";"CUST-010";"Hatice Aslan";1293;7269.6;407;1211.6;5
"2025-05-28";"INV-2024-0226";"490334441011";"SKU-GOM-GRN-S";"Gömlek";"GRN";"Yeşil";"S";"CUST-001";"Ahmet Yılmaz";515;1166.4;58;194.4;2
"2025-06-19";"INV-2024-0227";"111708987124";"SKU-HIR-GRN-S";"Hırka";"GRN";"Yeşil";"S";"CUST-014";"Emre Kılıç";1360;8160;0;1360;5
"2025-04-14";"INV-2024-0228";"616551787038";"SKU-MON-YLW-S";"Mont";"YLW";"Sarı";"S";"CUST-012";"Burcu Kaplan";1823;10938;0;1823;5
"2025-09-17";"INV-2024-0229";"611505533432";"SKU-ELB-GRY-XXL";"Elbise";"GRY";"Gri";"XXL";"CUST-003";"Mehmet Kaya";453;2718;0;453;5
"2025-04-07";"INV-2024-0230";"274835249145";"SKU-ŞOR-GRN-S";"Şort";"GRN";"Yeşil";"S";"CUST-012";"Burcu Kaplan";269;645.6;0;107.6;2
"2026-01-19";"INV-2024-0231";"395232425660";"SKU-PAN-PRP-M";"Pantolon";"PRP";"Mor";"M";"CUST-004";"Fatma Çelik";266;1276.8;0;212.8;4
"2025-06-10";"INV-2024-0232";"736350917446";"SKU-GOM-GRN-XXL";"Gömlek";"GRN";"Yeşil";"XXL";"CUST-012";"Burcu Kaplan";1757;5980.8;287;996.8;3
"2026-01-08";"INV-2024-0233";"841944392965";"SKU-MON-GRY-M";"Mont";"GRY";"Gri";"M";"CUST-007";"Ali Özdemir";237;1333.2;74;222.2;5
"2025-12-29";"INV-2024-0234";"405633835945";"SKU-ETE-BLK-XL";"Etek";"BLK";"Siyah";"XL";"CUST-009";"Hüseyin Doğan";1589;6159.6;1223;1026.6;4
"2025-07-26";"INV-2024-0235";"776965700187";"SKU-HIR-GRN-XL";"Hırka";"GRN";"Yeşil";"XL";"CUST-001";"Ahmet Yılmaz";772;4632;0;772;5
"2025-08-23";"INV-2024-0236";"172342968264";"SKU-ETE-GRN-S";"Etek";"GRN";"Yeşil";"S";"CUST-005";"Mustafa Şahin";1593;5734.8;0;955.8;3
"2025-12-12";"INV-2024-0237";"763918488723";"SKU-MON-WHT-XL";"Mont";"WHT";"Beyaz";"XL";"CUST-009";"Hüseyin Doğan";1405;5058;0;843;3
"2025-03-13";"INV-2024-0238";"536518917378";"SKU-HIR-YLW-XXL";"Hırka";"YLW";"Sarı";"XXL";"CUST-001";"Ahmet Yılmaz";676;3292.8;636;548.8;5
"2025-05-02";"INV-2024-0239";"683332254715";"SKU-GOM-BLU-XL";"Gömlek";"BLU";"Mavi";"XL";"CUST-011";"Caner Aydın";488;2342.4;0;390.4;4
"2025-10-29";"INV-2024-0240";"294173995661";"SKU-HIR-PRP-M";"Hırka";"PRP";"Mor";"M";"CUST-008";"Elif Arslan";841;2434.8;494;405.8;3
"2026-03-04";"INV-2024-0241";"284755195927";"SKU-HIR-BLK-XL";"Hırka";"BLK";"Siyah";"XL";"CUST-001";"Ahmet Yılmaz";1429;3224.4;171;537.4;2
"2025-08-26";"INV-2024-0242";"738824867326";"SKU-HIR-YLW-XS";"Hırka";"YLW";"Sarı";"XS";"CUST-001";"Ahmet Yılmaz";836;5016;0;836;5
"2026-02-20";"INV-2024-0243";"529830871801";"SKU-KAZ-RED-XS";"Kazak";"RED";"Kırmızı";"XS";"CUST-013";"Selin Öztürk";1639;1966.8;0;327.8;1
"2026-01-14";"INV-2024-0244";"248646620345";"SKU-ETE-GRN-XXL";"Etek";"GRN";"Yeşil";"XXL";"CUST-015";"Gökhan Çetin";639;2300.4;0;383.4;3
"2025-08-18";"INV-2024-0245";"290921449049";"SKU-HIR-PRP-M";"Hırka";"PRP";"Mor";"M";"CUST-010";"Hatice Aslan";590;636;60;106;1
"2025-06-19";"INV-2024-0246";"417178991398";"SKU-ETE-GRY-S";"Etek";"GRY";"Gri";"S";"CUST-005";"Mustafa Şahin";201;400.8;68;66.8;2
"2025-07-23";"INV-2024-0247";"710166322156";"SKU-TIS-GRN-S";"Tişört";"GRN";"Yeşil";"S";"CUST-007";"Ali Özdemir";1025;4920;0;820;4
"2025-12-06";"INV-2024-0248";"292902034705";"SKU-HIR-RED-XL";"Hırka";"RED";"Kırmızı";"XL";"CUST-005";"Mustafa Şahin";1397;7626;630;1271;5
"2025-04-29";"INV-2024-0249";"123679963937";"SKU-HIR-PRP-S";"Hırka";"PRP";"Mor";"S";"CUST-001";"Ahmet Yılmaz";233;838.8;0;139.8;3
"2025-07-07";"INV-2024-0250";"327003419025";"SKU-ELB-BLK-XL";"Elbise";"BLK";"Siyah";"XL";"CUST-013";"Selin Öztürk";1792;6703.2;1582;1117.2;4
"2025-08-04";"INV-2024-0251";"745672156078";"SKU-ŞOR-GRN-M";"Şort";"GRN";"Yeşil";"M";"CUST-004";"Fatma Çelik";1299;3117.6;0;519.6;2
"2025-07-07";"INV-2024-0252";"685333846354";"SKU-KAZ-YLW-M";"Kazak";"YLW";"Sarı";"M";"CUST-009";"Hüseyin Doğan";1083;1020;233;170;1
"2025-08-04";"INV-2024-0253";"256828671429";"SKU-ŞOR-BLK-XL";"Şort";"BLK";"Siyah";"XL";"CUST-014";"Emre Kılıç";848;1681.2;295;280.2;2
"2025-07-14";"INV-2024-0254";"110428192280";"SKU-HIR-GRN-XXL";"Hırka";"GRN";"Yeşil";"XXL";"CUST-008";"Elif Arslan";655;1572;0;262;2
"2025-05-09";"INV-2024-0255";"240287087695";"SKU-ŞOR-BLK-XXL";"Şort";"BLK";"Siyah";"XXL";"CUST-013";"Selin Öztürk";1743;8655.6;1502;1442.6;5
"2025-11-09";"INV-2024-0256";"464319450365";"SKU-HIR-GRN-S";"Hırka";"GRN";"Yeşil";"S";"CUST-015";"Gökhan Çetin";870;2088;0;348;2
"2026-03-05";"INV-2024-0257";"623242186888";"SKU-CEK-PRP-XS";"Ceket";"PRP";"Mor";"XS";"CUST-001";"Ahmet Yılmaz";1226;2662.8;233;443.8;2
"2025-08-25";"INV-2024-0258";"968443582154";"SKU-PAN-WHT-XL";"Pantolon";"WHT";"Beyaz";"XL";"CUST-006";"Zeynep Yıldız";1030;6180;0;1030;5
"2025-04-25";"INV-2024-0259";"433526818681";"SKU-KAZ-YLW-XXL";"Kazak";"YLW";"Sarı";"XXL";"CUST-008";"Elif Arslan";1861;3370.8;913;561.8;2
"2025-04-10";"INV-2024-0260";"541033051544";"SKU-ELB-BLK-XXL";"Elbise";"BLK";"Siyah";"XXL";"CUST-013";"Selin Öztürk";1017;4881.6;0;813.6;4
"2025-11-25";"INV-2024-0261";"660448157914";"SKU-PAN-GRY-L";"Pantolon";"GRY";"Gri";"L";"CUST-006";"Zeynep Yıldız";261;313.2;0;52.2;1
"2025-07-15";"INV-2024-0262";"764580125375";"SKU-MON-WHT-XXL";"Mont";"WHT";"Beyaz";"XXL";"CUST-009";"Hüseyin Doğan";1001;1982.4;350;330.4;2
"2025-03-21";"INV-2024-0263";"706279927744";"SKU-TIS-GRN-XS";"Tişört";"GRN";"Yeşil";"XS";"CUST-005";"Mustafa Şahin";527;1981.2;457;330.2;4
"2025-03-17";"INV-2024-0264";"129742519501";"SKU-ELB-RED-XS";"Elbise";"RED";"Kırmızı";"XS";"CUST-004";"Fatma Çelik";624;2246.4;0;374.4;3
"2025-11-19";"INV-2024-0265";"975802430447";"SKU-PAN-WHT-XL";"Pantolon";"WHT";"Beyaz";"XL";"CUST-001";"Ahmet Yılmaz";717;860.4;0;143.4;1
"2026-01-12";"INV-2024-0266";"717833050915";"SKU-CEK-YLW-XS";"Ceket";"YLW";"Sarı";"XS";"CUST-015";"Gökhan Çetin";851;2042.4;0;340.4;2
"2025-12-09";"INV-2024-0267";"578796549022";"SKU-CEK-PRP-XS";"Ceket";"PRP";"Mor";"XS";"CUST-011";"Caner Aydın";885;4248;0;708;4
"2025-10-14";"INV-2024-0268";"907612716834";"SKU-ŞOR-BLK-XL";"Şort";"BLK";"Siyah";"XL";"CUST-004";"Fatma Çelik";416;499.2;0;83.2;1
"2025-10-17";"INV-2024-0269";"148382213134";"SKU-TIS-YLW-XS";"Tişört";"YLW";"Sarı";"XS";"CUST-006";"Zeynep Yıldız";540;2748;410;458;5
"2025-11-16";"INV-2024-0270";"956574067288";"SKU-ŞOR-BLU-XXL";"Şort";"BLU";"Mavi";"XXL";"CUST-003";"Mehmet Kaya";1474;3537.6;0;589.6;2
"2025-07-28";"INV-2024-0271";"399226741062";"SKU-CEK-GRY-XS";"Ceket";"GRY";"Gri";"XS";"CUST-005";"Mustafa Şahin";1524;7621.2;1269;1270.2;5
"2025-08-06";"INV-2024-0272";"729866768451";"SKU-PAN-GRY-XXL";"Pantolon";"GRY";"Gri";"XXL";"CUST-015";"Gökhan Çetin";976;2719.2;662;453.2;3
"2026-02-23";"INV-2024-0273";"701731680533";"SKU-HIR-WHT-M";"Hırka";"WHT";"Beyaz";"M";"CUST-007";"Ali Özdemir";1861;9733.2;1194;1622.2;5
"2025-06-03";"INV-2024-0274";"293110603262";"SKU-TIS-BLU-XXL";"Tişört";"BLU";"Mavi";"XXL";"CUST-009";"Hüseyin Doğan";981;3531.6;0;588.6;3
"2025-12-24";"INV-2024-0275";"690833514058";"SKU-ELB-GRY-L";"Elbise";"GRY";"Gri";"L";"CUST-005";"Mustafa Şahin";510;1891.2;464;315.2;4
"2025-08-29";"INV-2024-0276";"788237613526";"SKU-HIR-GRY-M";"Hırka";"GRY";"Gri";"M";"CUST-012";"Burcu Kaplan";1451;3482.4;0;580.4;2
"2025-03-15";"INV-2024-0277";"771547980180";"SKU-KAZ-PRP-XL";"Kazak";"PRP";"Mor";"XL";"CUST-009";"Hüseyin Doğan";1908;9158.4;0;1526.4;4
"2025-08-12";"INV-2024-0278";"764263472956";"SKU-MON-GRY-XL";"Mont";"GRY";"Gri";"XL";"CUST-002";"Ayşe Demir";715;2574;0;429;3
"2026-03-02";"INV-2024-0279";"561429136668";"SKU-PAN-GRY-L";"Pantolon";"GRY";"Gri";"L";"CUST-007";"Ali Özdemir";1959;2350.8;0;391.8;1
"2025-07-08";"INV-2024-0280";"565857746099";"SKU-HIR-GRY-XL";"Hırka";"GRY";"Gri";"XL";"CUST-013";"Selin Öztürk";1669;10014;0;1669;5
"2025-08-08";"INV-2024-0281";"405812333636";"SKU-HIR-PRP-L";"Hırka";"PRP";"Mor";"L";"CUST-010";"Hatice Aslan";923;4936.8;501;822.8;5
"2025-04-16";"INV-2024-0282";"112372304341";"SKU-MON-PRP-XXL";"Mont";"PRP";"Mor";"XXL";"CUST-014";"Emre Kılıç";890;2136;0;356;2
"2025-06-30";"INV-2024-0283";"959933431863";"SKU-GOM-BLK-XS";"Gömlek";"BLK";"Siyah";"XS";"CUST-009";"Hüseyin Doğan";1848;7080;1492;1180;4
"2025-03-26";"INV-2024-0284";"808234902670";"SKU-ETE-GRN-XS";"Etek";"GRN";"Yeşil";"XS";"CUST-014";"Emre Kılıç";421;1515.6;0;252.6;3
"2025-07-03";"INV-2024-0285";"750531249838";"SKU-MON-RED-M";"Mont";"RED";"Kırmızı";"M";"CUST-001";"Ahmet Yılmaz";1925;11550;0;1925;5
"2026-03-03";"INV-2024-0286";"807837348242";"SKU-GOM-BLU-L";"Gömlek";"BLU";"Mavi";"L";"CUST-013";"Selin Öztürk";452;1627.2;0;271.2;3
"2025-08-28";"INV-2024-0287";"635336828305";"SKU-CEK-WHT-L";"Ceket";"WHT";"Beyaz";"L";"CUST-012";"Burcu Kaplan";307;736.8;0;122.8;2
"2025-12-21";"INV-2024-0288";"863576743054";"SKU-ETE-BLK-S";"Etek";"BLK";"Siyah";"S";"CUST-002";"Ayşe Demir";1402;3364.8;0;560.8;2
"2025-12-22";"INV-2024-0289";"966506010379";"SKU-PAN-BLU-M";"Pantolon";"BLU";"Mavi";"M";"CUST-006";"Zeynep Yıldız";1738;8342.4;0;1390.4;4
"2025-08-27";"INV-2024-0290";"928668872029";"SKU-MON-YLW-S";"Mont";"YLW";"Sarı";"S";"CUST-001";"Ahmet Yılmaz";1042;6252;0;1042;5
"2025-05-10";"INV-2024-0291";"908330817319";"SKU-KAZ-RED-L";"Kazak";"RED";"Kırmızı";"L";"CUST-009";"Hüseyin Doğan";1731;8308.8;0;1384.8;4
"2025-04-08";"INV-2024-0292";"711449572589";"SKU-ELB-BLK-S";"Elbise";"BLK";"Siyah";"S";"CUST-008";"Elif Arslan";1691;4058.4;0;676.4;2
"2025-10-27";"INV-2024-0293";"535089586413";"SKU-TIS-RED-S";"Tişört";"RED";"Kırmızı";"S";"CUST-008";"Elif Arslan";1586;3806.4;0;634.4;2
"2025-10-21";"INV-2024-0294";"930199488628";"SKU-PAN-BLK-S";"Pantolon";"BLK";"Siyah";"S";"CUST-010";"Hatice Aslan";345;1656;0;276;4
"2026-02-22";"INV-2024-0295";"334992707726";"SKU-ELB-RED-L";"Elbise";"RED";"Kırmızı";"L";"CUST-008";"Elif Arslan";1728;6220.8;0;1036.8;3
"2026-01-05";"INV-2024-0296";"118134590192";"SKU-ELB-GRY-M";"Elbise";"GRY";"Gri";"M";"CUST-009";"Hüseyin Doğan";971;1962;307;327;2
"2025-04-08";"INV-2024-0297";"569748135145";"SKU-CEK-WHT-S";"Ceket";"WHT";"Beyaz";"S";"CUST-006";"Zeynep Yıldız";679;3259.2;0;543.2;4
"2025-12-07";"INV-2024-0298";"541136027222";"SKU-HIR-RED-XS";"Hırka";"RED";"Kırmızı";"XS";"CUST-006";"Zeynep Yıldız";412;1977.6;0;329.6;4
"2025-05-31";"INV-2024-0299";"214477134218";"SKU-ŞOR-RED-XS";"Şort";"RED";"Kırmızı";"XS";"CUST-005";"Mustafa Şahin";1598;1491.6;355;248.6;1
"2025-12-20";"INV-2024-0300";"316853276247";"SKU-ELB-GRY-XL";"Elbise";"GRY";"Gri";"XL";"CUST-003";"Mehmet Kaya";501;1140;52;190;2
"2026-03-05";"INV-2024-0301";"278917866569";"SKU-GOM-BLK-S";"Gömlek";"BLK";"Siyah";"S";"CUST-014";"Emre Kılıç";1878;2253.6;0;375.6;1
"2025-10-27";"INV-2024-0302";"804097563162";"SKU-HIR-GRN-XL";"Hırka";"GRN";"Yeşil";"XL";"CUST-003";"Mehmet Kaya";1205;3781.2;464;630.2;3
"2025-05-16";"INV-2024-0303";"199838902788";"SKU-MON-RED-M";"Mont";"RED";"Kırmızı";"M";"CUST-004";"Fatma Çelik";1046;993.6;218;165.6;1
"2025-06-17";"INV-2024-0304";"453531309107";"SKU-ŞOR-PRP-L";"Şort";"PRP";"Mor";"L";"CUST-001";"Ahmet Yılmaz";983;2007.6;293;334.6;2
"2026-01-10";"INV-2024-0305";"431844507872";"SKU-GOM-WHT-L";"Gömlek";"WHT";"Beyaz";"L";"CUST-001";"Ahmet Yılmaz";533;2558.4;0;426.4;4
"2025-11-19";"INV-2024-0306";"488529231106";"SKU-PAN-PRP-L";"Pantolon";"PRP";"Mor";"L";"CUST-015";"Gökhan Çetin";1554;9324;0;1554;5
"2025-10-07";"INV-2024-0307";"294690485666";"SKU-HIR-WHT-XS";"Hırka";"WHT";"Beyaz";"XS";"CUST-002";"Ayşe Demir";972;5832;0;972;5
"2025-09-19";"INV-2024-0308";"449076413966";"SKU-ELB-YLW-L";"Elbise";"YLW";"Sarı";"L";"CUST-014";"Emre Kılıç";1785;2142;0;357;1
"2025-07-22";"INV-2024-0309";"657406410105";"SKU-ELB-GRY-S";"Elbise";"GRY";"Gri";"S";"CUST-015";"Gökhan Çetin";1892;9081.6;0;1513.6;4
"2025-10-23";"INV-2024-0310";"648846524832";"SKU-PAN-PRP-XS";"Pantolon";"PRP";"Mor";"XS";"CUST-009";"Hüseyin Doğan";878;3160.8;0;526.8;3
"2026-01-04";"INV-2024-0311";"156803116783";"SKU-CEK-RED-S";"Ceket";"RED";"Kırmızı";"S";"CUST-006";"Zeynep Yıldız";699;1677.6;0;279.6;2
"2025-12-28";"INV-2024-0312";"744454705113";"SKU-ETE-BLU-L";"Etek";"BLU";"Mavi";"L";"CUST-001";"Ahmet Yılmaz";1894;9091.2;0;1515.2;4
"2025-10-03";"INV-2024-0313";"427179374256";"SKU-KAZ-GRN-XL";"Kazak";"GRN";"Yeşil";"XL";"CUST-001";"Ahmet Yılmaz";377;904.8;0;150.8;2
"2025-03-15";"INV-2024-0314";"636030861612";"SKU-ŞOR-WHT-L";"Şort";"WHT";"Beyaz";"L";"CUST-011";"Caner Aydın";981;4708.8;0;784.8;4
"2025-05-27";"INV-2024-0315";"441773058472";"SKU-ETE-WHT-M";"Etek";"WHT";"Beyaz";"M";"CUST-013";"Selin Öztürk";667;3201.6;0;533.6;4
"2025-11-25";"INV-2024-0316";"211557317662";"SKU-TIS-WHT-XXL";"Tişört";"WHT";"Beyaz";"XXL";"CUST-005";"Mustafa Şahin";695;4170;0;695;5
"2025-10-05";"INV-2024-0317";"120970058547";"SKU-ELB-BLU-S";"Elbise";"BLU";"Mavi";"S";"CUST-010";"Hatice Aslan";1678;6040.8;0;1006.8;3
"2026-02-27";"INV-2024-0318";"398128011187";"SKU-ŞOR-PRP-L";"Şort";"PRP";"Mor";"L";"CUST-012";"Burcu Kaplan";1524;5026.8;383;837.8;3
"2025-09-02";"INV-2024-0319";"574853856425";"SKU-TIS-RED-XS";"Tişört";"RED";"Kırmızı";"XS";"CUST-010";"Hatice Aslan";1892;1828.8;368;304.8;1
"2025-07-17";"INV-2024-0320";"482698600673";"SKU-ETE-WHT-XS";"Etek";"WHT";"Beyaz";"XS";"CUST-008";"Elif Arslan";1160;6960;0;1160;5
"2025-12-11";"INV-2024-0321";"165067009751";"SKU-TIS-RED-XS";"Tişört";"RED";"Kırmızı";"XS";"CUST-014";"Emre Kılıç";366;1946.4;208;324.4;5
"2025-04-06";"INV-2024-0322";"210892870173";"SKU-PAN-GRY-M";"Pantolon";"GRY";"Gri";"M";"CUST-015";"Gökhan Çetin";1124;2697.6;0;449.6;2
"2025-10-17";"INV-2024-0323";"661761050057";"SKU-MON-BLK-XL";"Mont";"BLK";"Siyah";"XL";"CUST-014";"Emre Kılıç";1024;4915.2;0;819.2;4
"2025-06-19";"INV-2024-0324";"876835342556";"SKU-TIS-GRN-XS";"Tişört";"GRN";"Yeşil";"XS";"CUST-003";"Mehmet Kaya";1052;2524.8;0;420.8;2
"2025-10-26";"INV-2024-0325";"278871869012";"SKU-TIS-BLK-XXL";"Tişört";"BLK";"Siyah";"XXL";"CUST-012";"Burcu Kaplan";1670;8016;0;1336;4
"2025-09-18";"INV-2024-0326";"137491280747";"SKU-TIS-GRN-S";"Tişört";"GRN";"Yeşil";"S";"CUST-005";"Mustafa Şahin";654;784.8;0;130.8;1
"2026-01-27";"INV-2024-0327";"192016877639";"SKU-GOM-BLU-XS";"Gömlek";"BLU";"Mavi";"XS";"CUST-012";"Burcu Kaplan";1622;3892.8;0;648.8;2
"2026-01-18";"INV-2024-0328";"765784495524";"SKU-HIR-BLU-L";"Hırka";"BLU";"Mavi";"L";"CUST-014";"Emre Kılıç";536;3216;0;536;5
"2025-05-31";"INV-2024-0329";"383854470276";"SKU-CEK-RED-M";"Ceket";"RED";"Kırmızı";"M";"CUST-004";"Fatma Çelik";1361;8166;0;1361;5
"2025-11-02";"INV-2024-0330";"727694971117";"SKU-GOM-YLW-XXL";"Gömlek";"YLW";"Sarı";"XXL";"CUST-002";"Ayşe Demir";932;4473.6;0;745.6;4
"2026-03-07";"INV-2024-0331";"660808861588";"SKU-GOM-RED-XXL";"Gömlek";"RED";"Kırmızı";"XXL";"CUST-004";"Fatma Çelik";614;1126.8;289;187.8;2
"2026-02-23";"INV-2024-0332";"861550138500";"SKU-ELB-GRY-M";"Elbise";"GRY";"Gri";"M";"CUST-005";"Mustafa Şahin";1886;4239.6;239;706.6;2
"2026-01-03";"INV-2024-0333";"187812702627";"SKU-PAN-PRP-XS";"Pantolon";"PRP";"Mor";"XS";"CUST-015";"Gökhan Çetin";1024;1042.8;155;173.8;1
"2025-09-24";"INV-2024-0334";"169587995046";"SKU-TIS-WHT-XXL";"Tişört";"WHT";"Beyaz";"XXL";"CUST-009";"Hüseyin Doğan";805;1932;0;322;2
"2025-08-12";"INV-2024-0335";"545355604407";"SKU-TIS-BLU-XS";"Tişört";"BLU";"Mavi";"XS";"CUST-009";"Hüseyin Doğan";1448;6950.4;0;1158.4;4
"2025-07-01";"INV-2024-0336";"248745038424";"SKU-TIS-PRP-XS";"Tişört";"PRP";"Mor";"XS";"CUST-014";"Emre Kılıç";822;3237.6;590;539.6;4
"2025-06-16";"INV-2024-0337";"187910024214";"SKU-ETE-GRN-XL";"Etek";"GRN";"Yeşil";"XL";"CUST-003";"Mehmet Kaya";1147;4129.2;0;688.2;3
"2026-01-26";"INV-2024-0338";"725384973284";"SKU-TIS-BLU-L";"Tişört";"BLU";"Mavi";"L";"CUST-015";"Gökhan Çetin";1654;5954.4;0;992.4;3
"2025-03-25";"INV-2024-0339";"899748302633";"SKU-GOM-PRP-XXL";"Gömlek";"PRP";"Mor";"XXL";"CUST-004";"Fatma Çelik";1533;5518.8;0;919.8;3
"2025-03-13";"INV-2024-0340";"741616037323";"SKU-KAZ-BLK-XXL";"Kazak";"BLK";"Siyah";"XXL";"CUST-009";"Hüseyin Doğan";906;5436;0;906;5
"2026-02-16";"INV-2024-0341";"282708249710";"SKU-TIS-GRN-L";"Tişört";"GRN";"Yeşil";"L";"CUST-011";"Caner Aydın";1139;2733.6;0;455.6;2
"2025-04-03";"INV-2024-0342";"187782383715";"SKU-ŞOR-BLU-S";"Şort";"BLU";"Mavi";"S";"CUST-011";"Caner Aydın";1009;4843.2;0;807.2;4
"2025-09-27";"INV-2024-0343";"592292025100";"SKU-CEK-BLU-XXL";"Ceket";"BLU";"Mavi";"XXL";"CUST-011";"Caner Aydın";364;2184;0;364;5
"2026-03-01";"INV-2024-0344";"389895184904";"SKU-CEK-BLK-S";"Ceket";"BLK";"Siyah";"S";"CUST-009";"Hüseyin Doğan";924;4558.8;821;759.8;5
"2025-10-01";"INV-2024-0345";"365349492382";"SKU-PAN-BLU-XL";"Pantolon";"BLU";"Mavi";"XL";"CUST-012";"Burcu Kaplan";1698;8150.4;0;1358.4;4
"2025-07-06";"INV-2024-0346";"254912791150";"SKU-KAZ-PRP-S";"Kazak";"PRP";"Mor";"S";"CUST-001";"Ahmet Yılmaz";1269;6091.2;0;1015.2;4
"2025-06-13";"INV-2024-0347";"598691097068";"SKU-KAZ-YLW-L";"Kazak";"YLW";"Sarı";"L";"CUST-004";"Fatma Çelik";1899;5338.8;1248;889.8;3
"2025-05-28";"INV-2024-0348";"695716069567";"SKU-CEK-GRY-XS";"Ceket";"GRY";"Gri";"XS";"CUST-006";"Zeynep Yıldız";811;1946.4;0;324.4;2
"2025-09-28";"INV-2024-0349";"480855715465";"SKU-TIS-RED-XXL";"Tişört";"RED";"Kırmızı";"XXL";"CUST-010";"Hatice Aslan";210;1260;0;210;5
"2025-03-26";"INV-2024-0350";"975331126596";"SKU-CEK-YLW-XS";"Ceket";"YLW";"Sarı";"XS";"CUST-003";"Mehmet Kaya";806;967.2;0;161.2;1
"2025-04-30";"INV-2024-0351";"586627805898";"SKU-GOM-GRN-M";"Gömlek";"GRN";"Yeşil";"M";"CUST-012";"Burcu Kaplan";1632;3916.8;0;652.8;2
"2025-08-15";"INV-2024-0352";"824744993905";"SKU-HIR-RED-L";"Hırka";"RED";"Kırmızı";"L";"CUST-005";"Mustafa Şahin";1233;7398;0;1233;5
"2025-07-07";"INV-2024-0353";"212585962916";"SKU-TIS-PRP-M";"Tişört";"PRP";"Mor";"M";"CUST-011";"Caner Aydın";1023;2455.2;0;409.2;2
"2025-06-14";"INV-2024-0354";"213319502027";"SKU-CEK-YLW-L";"Ceket";"YLW";"Sarı";"L";"CUST-005";"Mustafa Şahin";596;2145.6;0;357.6;3
"2025-10-30";"INV-2024-0355";"335712920339";"SKU-ETE-RED-XL";"Etek";"RED";"Kırmızı";"XL";"CUST-015";"Gökhan Çetin";1266;1224;246;204;1
"2025-06-17";"INV-2024-0356";"547407832192";"SKU-MON-WHT-XS";"Mont";"WHT";"Beyaz";"XS";"CUST-015";"Gökhan Çetin";516;1238.4;0;206.4;2
"2025-03-31";"INV-2024-0357";"280142236319";"SKU-PAN-BLU-M";"Pantolon";"BLU";"Mavi";"M";"CUST-014";"Emre Kılıç";874;2097.6;0;349.6;2
"2025-11-18";"INV-2024-0358";"565583683481";"SKU-HIR-BLU-XS";"Hırka";"BLU";"Mavi";"XS";"CUST-014";"Emre Kılıç";1204;3472.8;718;578.8;3
"2025-07-21";"INV-2024-0359";"809747689559";"SKU-TIS-BLU-XS";"Tişört";"BLU";"Mavi";"XS";"CUST-006";"Zeynep Yıldız";1810;8688;0;1448;4
"2025-08-17";"INV-2024-0360";"224486819798";"SKU-GOM-PRP-L";"Gömlek";"PRP";"Mor";"L";"CUST-012";"Burcu Kaplan";1755;10530;0;1755;5
"2025-09-19";"INV-2024-0361";"997519168469";"SKU-ŞOR-BLU-S";"Şort";"BLU";"Mavi";"S";"CUST-015";"Gökhan Çetin";1035;3169.2;464;528.2;3
"2026-01-17";"INV-2024-0362";"716162143724";"SKU-KAZ-YLW-XXL";"Kazak";"YLW";"Sarı";"XXL";"CUST-002";"Ayşe Demir";759;3643.2;0;607.2;4
"2025-11-17";"INV-2024-0363";"355075803749";"SKU-HIR-RED-XS";"Hırka";"RED";"Kırmızı";"XS";"CUST-011";"Caner Aydın";1076;5164.8;0;860.8;4
"2025-08-05";"INV-2024-0364";"774479422577";"SKU-ETE-BLK-M";"Etek";"BLK";"Siyah";"M";"CUST-006";"Zeynep Yıldız";665;1596;0;266;2
"2025-08-14";"INV-2024-0365";"736614877581";"SKU-HIR-RED-XXL";"Hırka";"RED";"Kırmızı";"XXL";"CUST-001";"Ahmet Yılmaz";1043;6258;0;1043;5
"2026-02-13";"INV-2024-0366";"270268914174";"SKU-MON-GRN-S";"Mont";"GRN";"Yeşil";"S";"CUST-003";"Mehmet Kaya";279;1339.2;0;223.2;4
"2025-07-18";"INV-2024-0367";"372950244271";"SKU-KAZ-GRY-M";"Kazak";"GRY";"Gri";"M";"CUST-005";"Mustafa Şahin";1816;1957.2;185;326.2;1
"2025-09-16";"INV-2024-0368";"460490569326";"SKU-TIS-GRY-XXL";"Tişört";"GRY";"Gri";"XXL";"CUST-005";"Mustafa Şahin";1975;3798;785;633;2
"2026-02-09";"INV-2024-0369";"836941866036";"SKU-ŞOR-GRY-S";"Şort";"GRY";"Gri";"S";"CUST-006";"Zeynep Yıldız";1995;11970;0;1995;5
"2025-11-14";"INV-2024-0370";"714992298502";"SKU-CEK-BLK-XL";"Ceket";"BLK";"Siyah";"XL";"CUST-007";"Ali Özdemir";1392;6681.6;0;1113.6;4
"2025-11-09";"INV-2024-0371";"191418977250";"SKU-MON-WHT-XXL";"Mont";"WHT";"Beyaz";"XXL";"CUST-001";"Ahmet Yılmaz";330;1510.8;391;251.8;5
"2025-12-11";"INV-2024-0372";"980329222085";"SKU-MON-BLK-S";"Mont";"BLK";"Siyah";"S";"CUST-007";"Ali Özdemir";353;2118;0;353;5
"2025-04-14";"INV-2024-0373";"700659187606";"SKU-TIS-RED-XXL";"Tişört";"RED";"Kırmızı";"XXL";"CUST-005";"Mustafa Şahin";857;3770.4;286;628.4;4
"2026-02-02";"INV-2024-0374";"412645164621";"SKU-TIS-GRY-XS";"Tişört";"GRY";"Gri";"XS";"CUST-004";"Fatma Çelik";1476;5313.6;0;885.6;3
"2025-09-14";"INV-2024-0375";"152781782845";"SKU-ELB-WHT-XL";"Elbise";"WHT";"Beyaz";"XL";"CUST-012";"Burcu Kaplan";355;1278;0;213;3
"2026-02-28";"INV-2024-0376";"497538452970";"SKU-GOM-GRN-XL";"Gömlek";"GRN";"Yeşil";"XL";"CUST-005";"Mustafa Şahin";1976;11856;0;1976;5
"2025-06-15";"INV-2024-0377";"211164165153";"SKU-TIS-PRP-XXL";"Tişört";"PRP";"Mor";"XXL";"CUST-007";"Ali Özdemir";1646;3164.4;655;527.4;2
"2025-07-21";"INV-2024-0378";"236467456506";"SKU-KAZ-WHT-XS";"Kazak";"WHT";"Beyaz";"XS";"CUST-012";"Burcu Kaplan";786;1886.4;0;314.4;2
"2025-12-25";"INV-2024-0379";"572116902177";"SKU-HIR-RED-L";"Hırka";"RED";"Kırmızı";"L";"CUST-002";"Ayşe Demir";1968;11808;0;1968;5
"2025-09-23";"INV-2024-0380";"510480305598";"SKU-PAN-PRP-XXL";"Pantolon";"PRP";"Mor";"XXL";"CUST-004";"Fatma Çelik";1882;2258.4;0;376.4;1
"2025-08-21";"INV-2024-0381";"774482311973";"SKU-KAZ-BLU-XS";"Kazak";"BLU";"Mavi";"XS";"CUST-004";"Fatma Çelik";1465;8790;0;1465;5
"2026-01-04";"INV-2024-0382";"289080142384";"SKU-GOM-GRN-XXL";"Gömlek";"GRN";"Yeşil";"XXL";"CUST-011";"Caner Aydın";1383;1659.6;0;276.6;1
"2025-04-01";"INV-2024-0383";"569933847168";"SKU-CEK-PRP-XS";"Ceket";"PRP";"Mor";"XS";"CUST-015";"Gökhan Çetin";1319;6331.2;0;1055.2;4
"2025-04-02";"INV-2024-0384";"593411982099";"SKU-ŞOR-RED-XL";"Şort";"RED";"Kırmızı";"XL";"CUST-012";"Burcu Kaplan";802;1924.8;0;320.8;2
"2025-03-26";"INV-2024-0385";"219528949577";"SKU-ŞOR-WHT-M";"Şort";"WHT";"Beyaz";"M";"CUST-012";"Burcu Kaplan";1436;5169.6;0;861.6;3
"2025-09-23";"INV-2024-0386";"306063260675";"SKU-CEK-GRY-M";"Ceket";"GRY";"Gri";"M";"CUST-013";"Selin Öztürk";1804;2164.8;0;360.8;1
"2025-07-04";"INV-2024-0387";"339385259426";"SKU-GOM-YLW-S";"Gömlek";"YLW";"Sarı";"S";"CUST-002";"Ayşe Demir";253;730.8;150;121.8;3
"2025-12-08";"INV-2024-0388";"983063175163";"SKU-MON-GRY-L";"Mont";"GRY";"Gri";"L";"CUST-012";"Burcu Kaplan";1307;4705.2;0;784.2;3
"2026-01-29";"INV-2024-0389";"853807984753";"SKU-ŞOR-BLU-L";"Şort";"BLU";"Mavi";"L";"CUST-015";"Gökhan Çetin";1125;1350;0;225;1
"2025-09-09";"INV-2024-0390";"355649363341";"SKU-ELB-GRY-XL";"Elbise";"GRY";"Gri";"XL";"CUST-005";"Mustafa Şahin";940;5299.2;284;883.2;5
"2026-01-05";"INV-2024-0391";"482664707057";"SKU-ELB-BLK-L";"Elbise";"BLK";"Siyah";"L";"CUST-008";"Elif Arslan";211;759.6;0;126.6;3
"2025-03-14";"INV-2024-0392";"704949538069";"SKU-MON-BLU-L";"Mont";"BLU";"Mavi";"L";"CUST-005";"Mustafa Şahin";1897;4279.2;228;713.2;2
"2025-08-05";"INV-2024-0393";"915182849233";"SKU-ŞOR-PRP-XL";"Şort";"PRP";"Mor";"XL";"CUST-014";"Emre Kılıç";1960;9408;0;1568;4
"2025-05-09";"INV-2024-0394";"656216716772";"SKU-ŞOR-GRN-L";"Şort";"GRN";"Yeşil";"L";"CUST-004";"Fatma Çelik";1848;4435.2;0;739.2;2
"2025-12-09";"INV-2024-0395";"354115740100";"SKU-ŞOR-GRY-XL";"Şort";"GRY";"Gri";"XL";"CUST-011";"Caner Aydın";664;1593.6;0;265.6;2
"2025-06-21";"INV-2024-0396";"881524395476";"SKU-CEK-YLW-XS";"Ceket";"YLW";"Sarı";"XS";"CUST-009";"Hüseyin Doğan";1627;8887.2;729;1481.2;5
"2026-02-25";"INV-2024-0397";"940414858140";"SKU-HIR-YLW-L";"Hırka";"YLW";"Sarı";"L";"CUST-003";"Mehmet Kaya";1478;5320.8;0;886.8;3
"2025-08-17";"INV-2024-0398";"639054997951";"SKU-TIS-BLK-XS";"Tişört";"BLK";"Siyah";"XS";"CUST-002";"Ayşe Demir";374;897.6;0;149.6;2
"2025-10-16";"INV-2024-0399";"386857165315";"SKU-CEK-GRN-S";"Ceket";"GRN";"Yeşil";"S";"CUST-008";"Elif Arslan";1343;8058;0;1343;5
"2025-12-28";"INV-2024-0400";"323030647656";"SKU-ELB-RED-XXL";"Elbise";"RED";"Kırmızı";"XXL";"CUST-002";"Ayşe Demir";451;2431.2;229;405.2;5
"2025-08-26";"INV-2024-0401";"902463406547";"SKU-KAZ-WHT-XL";"Kazak";"WHT";"Beyaz";"XL";"CUST-014";"Emre Kılıç";1934;6962.4;0;1160.4;3
"2025-06-28";"INV-2024-0402";"236983825480";"SKU-GOM-BLK-M";"Gömlek";"BLK";"Siyah";"M";"CUST-001";"Ahmet Yılmaz";980;4704;0;784;4
"2025-10-20";"INV-2024-0403";"478750130718";"SKU-MON-GRN-XS";"Mont";"GRN";"Yeşil";"XS";"CUST-011";"Caner Aydın";658;2196;144;366;3
"2026-03-08";"INV-2024-0404";"343223271394";"SKU-ŞOR-BLK-L";"Şort";"BLK";"Siyah";"L";"CUST-015";"Gökhan Çetin";422;1305.6;178;217.6;3
"2025-12-04";"INV-2024-0405";"646292175190";"SKU-TIS-GRY-XL";"Tişört";"GRY";"Gri";"XL";"CUST-011";"Caner Aydın";954;2289.6;0;381.6;2
"2025-12-25";"INV-2024-0406";"450383569603";"SKU-HIR-PRP-L";"Hırka";"PRP";"Mor";"L";"CUST-007";"Ali Özdemir";745;3576;0;596;4
"2025-09-02";"INV-2024-0407";"425822971576";"SKU-TIS-PRP-M";"Tişört";"PRP";"Mor";"M";"CUST-003";"Mehmet Kaya";1665;7992;0;1332;4
"2025-07-05";"INV-2024-0408";"269104037221";"SKU-HIR-PRP-XS";"Hırka";"PRP";"Mor";"XS";"CUST-013";"Selin Öztürk";1505;3242.4;308;540.4;2
"2025-09-09";"INV-2024-0409";"915639350274";"SKU-PAN-GRN-XL";"Pantolon";"GRN";"Yeşil";"XL";"CUST-012";"Burcu Kaplan";1124;6744;0;1124;5
"2025-10-29";"INV-2024-0410";"415415935651";"SKU-TIS-WHT-L";"Tişört";"WHT";"Beyaz";"L";"CUST-014";"Emre Kılıç";1492;3580.8;0;596.8;2
"2025-11-29";"INV-2024-0411";"390128803980";"SKU-CEK-GRY-XL";"Ceket";"GRY";"Gri";"XL";"CUST-003";"Mehmet Kaya";895;2148;0;358;2
"2025-11-07";"INV-2024-0412";"743801784892";"SKU-ETE-GRY-M";"Etek";"GRY";"Gri";"M";"CUST-013";"Selin Öztürk";1559;3741.6;0;623.6;2
"2025-03-28";"INV-2024-0413";"447415870985";"SKU-MON-WHT-M";"Mont";"WHT";"Beyaz";"M";"CUST-009";"Hüseyin Doğan";437;2622;0;437;5
"2025-11-25";"INV-2024-0414";"524827959420";"SKU-PAN-PRP-M";"Pantolon";"PRP";"Mor";"M";"CUST-010";"Hatice Aslan";1775;8520;0;1420;4
"2025-09-11";"INV-2024-0415";"493450734334";"SKU-ŞOR-YLW-M";"Şort";"YLW";"Sarı";"M";"CUST-007";"Ali Özdemir";541;1298.4;0;216.4;2
"2025-05-05";"INV-2024-0416";"381698047383";"SKU-HIR-GRN-XXL";"Hırka";"GRN";"Yeşil";"XXL";"CUST-010";"Hatice Aslan";289;1040.4;0;173.4;3
"2025-07-19";"INV-2024-0417";"456744054150";"SKU-HIR-YLW-S";"Hırka";"YLW";"Sarı";"S";"CUST-011";"Caner Aydın";665;2394;0;399;3
"2025-04-17";"INV-2024-0418";"857559866901";"SKU-TIS-YLW-M";"Tişört";"YLW";"Sarı";"M";"CUST-007";"Ali Özdemir";329;394.8;0;65.8;1
"2025-09-20";"INV-2024-0419";"398453570200";"SKU-MON-BLU-XXL";"Mont";"BLU";"Mavi";"XXL";"CUST-015";"Gökhan Çetin";523;3138;0;523;5
"2025-06-04";"INV-2024-0420";"894126173903";"SKU-HIR-RED-L";"Hırka";"RED";"Kırmızı";"L";"CUST-015";"Gökhan Çetin";395;1896;0;316;4
"2025-06-09";"INV-2024-0421";"463786515906";"SKU-HIR-BLK-S";"Hırka";"BLK";"Siyah";"S";"CUST-014";"Emre Kılıç";1312;6297.6;0;1049.6;4
"2025-12-27";"INV-2024-0422";"587148279776";"SKU-ŞOR-GRN-M";"Şort";"GRN";"Yeşil";"M";"CUST-007";"Ali Özdemir";392;1881.6;0;313.6;4
"2025-09-04";"INV-2024-0423";"668960904742";"SKU-TIS-YLW-M";"Tişört";"YLW";"Sarı";"M";"CUST-003";"Mehmet Kaya";554;3324;0;554;5
"2025-10-04";"INV-2024-0424";"873205559185";"SKU-CEK-BLU-M";"Ceket";"BLU";"Mavi";"M";"CUST-013";"Selin Öztürk";975;5850;0;975;5
"2026-02-04";"INV-2024-0425";"118779998805";"SKU-TIS-GRY-S";"Tişört";"GRY";"Gri";"S";"CUST-003";"Mehmet Kaya";826;991.2;0;165.2;1
"2025-08-02";"INV-2024-0426";"801518581048";"SKU-PAN-RED-L";"Pantolon";"RED";"Kırmızı";"L";"CUST-006";"Zeynep Yıldız";1483;7927.2;809;1321.2;5
"2026-02-21";"INV-2024-0427";"599648012637";"SKU-KAZ-PRP-S";"Kazak";"PRP";"Mor";"S";"CUST-008";"Elif Arslan";330;396;0;66;1
"2026-02-23";"INV-2024-0428";"534032984412";"SKU-HIR-BLK-L";"Hırka";"BLK";"Siyah";"L";"CUST-012";"Burcu Kaplan";1374;4946.4;0;824.4;3
"2025-06-26";"INV-2024-0429";"918447985859";"SKU-GOM-RED-XXL";"Gömlek";"RED";"Kırmızı";"XXL";"CUST-003";"Mehmet Kaya";326;1173.6;0;195.6;3
"2025-05-21";"INV-2024-0430";"600353276267";"SKU-ŞOR-YLW-L";"Şort";"YLW";"Sarı";"L";"CUST-006";"Zeynep Yıldız";1425;8550;0;1425;5
"2025-03-31";"INV-2024-0431";"964649388817";"SKU-ETE-GRN-L";"Etek";"GRN";"Yeşil";"L";"CUST-009";"Hüseyin Doğan";1263;4546.8;0;757.8;3
"2025-12-29";"INV-2024-0432";"178765273590";"SKU-GOM-BLK-XXL";"Gömlek";"BLK";"Siyah";"XXL";"CUST-013";"Selin Öztürk";1197;3517.2;660;586.2;3
"2026-03-11";"INV-2024-0433";"636699235110";"SKU-ETE-YLW-M";"Etek";"YLW";"Sarı";"M";"CUST-003";"Mehmet Kaya";1900;3504;880;584;2
"2025-05-17";"INV-2024-0434";"415244443469";"SKU-HIR-RED-XXL";"Hırka";"RED";"Kırmızı";"XXL";"CUST-014";"Emre Kılıç";746;2685.6;0;447.6;3
"2025-09-04";"INV-2024-0435";"420503370334";"SKU-ŞOR-YLW-XXL";"Şort";"YLW";"Sarı";"XXL";"CUST-004";"Fatma Çelik";1498;3273.6;268;545.6;2
"2025-09-27";"INV-2024-0436";"195740119967";"SKU-ETE-WHT-XL";"Etek";"WHT";"Beyaz";"XL";"CUST-003";"Mehmet Kaya";224;806.4;0;134.4;3
"2025-11-10";"INV-2024-0437";"706381864660";"SKU-ETE-BLK-M";"Etek";"BLK";"Siyah";"M";"CUST-015";"Gökhan Çetin";1214;7284;0;1214;5
"2025-04-07";"INV-2024-0438";"977166030913";"SKU-MON-WHT-XL";"Mont";"WHT";"Beyaz";"XL";"CUST-002";"Ayşe Demir";961;1153.2;0;192.2;1
"2025-12-13";"INV-2024-0439";"318038859059";"SKU-ETE-BLK-XL";"Etek";"BLK";"Siyah";"XL";"CUST-003";"Mehmet Kaya";1392;1435.2;196;239.2;1
"2025-05-28";"INV-2024-0440";"946478911187";"SKU-HIR-GRN-XL";"Hırka";"GRN";"Yeşil";"XL";"CUST-010";"Hatice Aslan";706;4236;0;706;5
"2025-06-06";"INV-2024-0441";"928736105124";"SKU-MON-WHT-XXL";"Mont";"WHT";"Beyaz";"XXL";"CUST-005";"Mustafa Şahin";657;3153.6;0;525.6;4
"2025-09-20";"INV-2024-0442";"122071450518";"SKU-GOM-WHT-XS";"Gömlek";"WHT";"Beyaz";"XS";"CUST-006";"Zeynep Yıldız";750;2205.6;412;367.6;3
"2025-06-15";"INV-2024-0443";"514001139347";"SKU-ETE-YLW-L";"Etek";"YLW";"Sarı";"L";"CUST-010";"Hatice Aslan";1225;5880;0;980;4
"2026-02-11";"INV-2024-0444";"368367316412";"SKU-KAZ-GRY-XL";"Kazak";"GRY";"Gri";"XL";"CUST-011";"Caner Aydın";1569;5742;1491;957;4
"2026-02-02";"INV-2024-0445";"139839415232";"SKU-CEK-PRP-XS";"Ceket";"PRP";"Mor";"XS";"CUST-010";"Hatice Aslan";1246;7476;0;1246;5
"2025-12-04";"INV-2024-0446";"771135760969";"SKU-TIS-GRY-S";"Tişört";"GRY";"Gri";"S";"CUST-007";"Ali Özdemir";1383;8298;0;1383;5
"2025-10-17";"INV-2024-0447";"376565420247";"SKU-ELB-GRY-S";"Elbise";"GRY";"Gri";"S";"CUST-002";"Ayşe Demir";747;4482;0;747;5
"2025-07-24";"INV-2024-0448";"703512580770";"SKU-KAZ-GRY-L";"Kazak";"GRY";"Gri";"L";"CUST-002";"Ayşe Demir";1361;6126;1700;1021;5
"2025-09-24";"INV-2024-0449";"188642900486";"SKU-ŞOR-WHT-L";"Şort";"WHT";"Beyaz";"L";"CUST-014";"Emre Kılıç";1193;7158;0;1193;5
"2025-09-15";"INV-2024-0450";"403968734471";"SKU-ELB-GRY-XXL";"Elbise";"GRY";"Gri";"XXL";"CUST-003";"Mehmet Kaya";1506;9036;0;1506;5
"2026-03-06";"INV-2024-0451";"527575674369";"SKU-GOM-GRN-L";"Gömlek";"GRN";"Yeşil";"L";"CUST-015";"Gökhan Çetin";1327;1592.4;0;265.4;1
"2025-11-28";"INV-2024-0452";"813809226237";"SKU-MON-BLK-XL";"Mont";"BLK";"Siyah";"XL";"CUST-006";"Zeynep Yıldız";1029;3704.4;0;617.4;3
"2025-05-18";"INV-2024-0453";"587401032291";"SKU-HIR-BLK-L";"Hırka";"BLK";"Siyah";"L";"CUST-014";"Emre Kılıç";494;1778.4;0;296.4;3
"2025-11-05";"INV-2024-0454";"222264346229";"SKU-ELB-BLK-XS";"Elbise";"BLK";"Siyah";"XS";"CUST-006";"Zeynep Yıldız";1234;1342.8;115;223.8;1
"2026-03-04";"INV-2024-0455";"863040693300";"SKU-TIS-BLK-M";"Tişört";"BLK";"Siyah";"M";"CUST-013";"Selin Öztürk";1371;7192.8;861;1198.8;5
"2026-01-02";"INV-2024-0456";"306657444114";"SKU-TIS-GRN-XL";"Tişört";"GRN";"Yeşil";"XL";"CUST-013";"Selin Öztürk";1094;3938.4;0;656.4;3
"2025-07-13";"INV-2024-0457";"577637537833";"SKU-HIR-GRY-L";"Hırka";"GRY";"Gri";"L";"CUST-004";"Fatma Çelik";1395;5464.8;1026;910.8;4
"2025-05-08";"INV-2024-0458";"877340322392";"SKU-HIR-PRP-L";"Hırka";"PRP";"Mor";"L";"CUST-006";"Zeynep Yıldız";364;873.6;0;145.6;2
"2026-02-20";"INV-2024-0459";"757832732011";"SKU-GOM-WHT-S";"Gömlek";"WHT";"Beyaz";"S";"CUST-015";"Gökhan Çetin";522;2505.6;0;417.6;4
"2025-12-22";"INV-2024-0460";"328307246963";"SKU-PAN-YLW-S";"Pantolon";"YLW";"Sarı";"S";"CUST-002";"Ayşe Demir";924;3326.4;0;554.4;3
"2025-09-01";"INV-2024-0461";"688954359189";"SKU-TIS-BLK-XL";"Tişört";"BLK";"Siyah";"XL";"CUST-003";"Mehmet Kaya";1427;8562;0;1427;5
"2025-06-21";"INV-2024-0462";"406285391435";"SKU-MON-GRN-XS";"Mont";"GRN";"Yeşil";"XS";"CUST-005";"Mustafa Şahin";225;247.2;19;41.2;1
"2025-05-03";"INV-2024-0463";"898975487357";"SKU-TIS-BLU-XS";"Tişört";"BLU";"Mavi";"XS";"CUST-015";"Gökhan Çetin";1585;3272.4;443;545.4;2
"2025-03-12";"INV-2024-0464";"742006988970";"SKU-ŞOR-YLW-M";"Şort";"YLW";"Sarı";"M";"CUST-010";"Hatice Aslan";1404;6739.2;0;1123.2;4
"2025-03-24";"INV-2024-0465";"949214067790";"SKU-HIR-BLK-M";"Hırka";"BLK";"Siyah";"M";"CUST-004";"Fatma Çelik";625;1188;260;198;2
"2025-11-12";"INV-2024-0466";"506217695476";"SKU-ELB-BLU-XXL";"Elbise";"BLU";"Mavi";"XXL";"CUST-002";"Ayşe Demir";1625;9750;0;1625;5
"2026-01-24";"INV-2024-0467";"516796794090";"SKU-ŞOR-YLW-S";"Şort";"YLW";"Sarı";"S";"CUST-011";"Caner Aydın";299;277.2;68;46.2;1
"2025-03-21";"INV-2024-0468";"835022523904";"SKU-ELB-BLU-S";"Elbise";"BLU";"Mavi";"S";"CUST-008";"Elif Arslan";989;2373.6;0;395.6;2
"2025-10-04";"INV-2024-0469";"805061466178";"SKU-ŞOR-PRP-M";"Şort";"PRP";"Mor";"M";"CUST-007";"Ali Özdemir";579;694.8;0;115.8;1
"2025-03-25";"INV-2024-0470";"887620029215";"SKU-MON-YLW-XL";"Mont";"YLW";"Sarı";"XL";"CUST-012";"Burcu Kaplan";1731;10386;0;1731;5
"2026-02-02";"INV-2024-0471";"930100393936";"SKU-ELB-PRP-XS";"Elbise";"PRP";"Mor";"XS";"CUST-012";"Burcu Kaplan";1319;7914;0;1319;5
"2025-04-26";"INV-2024-0472";"820905434907";"SKU-ŞOR-PRP-M";"Şort";"PRP";"Mor";"M";"CUST-004";"Fatma Çelik";1688;6842.4;1050;1140.4;4
"2025-06-04";"INV-2024-0473";"721617344052";"SKU-ELB-BLU-L";"Elbise";"BLU";"Mavi";"L";"CUST-001";"Ahmet Yılmaz";1193;1431.6;0;238.6;1
"2026-02-05";"INV-2024-0474";"446890513029";"SKU-KAZ-RED-S";"Kazak";"RED";"Kırmızı";"S";"CUST-008";"Elif Arslan";669;2408.4;0;401.4;3
"2025-08-07";"INV-2024-0475";"412763290904";"SKU-ELB-PRP-XXL";"Elbise";"PRP";"Mor";"XXL";"CUST-004";"Fatma Çelik";784;3763.2;0;627.2;4
"2026-02-19";"INV-2024-0476";"990253555938";"SKU-ELB-GRY-XS";"Elbise";"GRY";"Gri";"XS";"CUST-007";"Ali Özdemir";937;2248.8;0;374.8;2
"2026-02-25";"INV-2024-0477";"933791647071";"SKU-ŞOR-GRN-S";"Şort";"GRN";"Yeşil";"S";"CUST-004";"Fatma Çelik";1609;5792.4;0;965.4;3
"2025-11-08";"INV-2024-0478";"297824801155";"SKU-ELB-RED-XS";"Elbise";"RED";"Kırmızı";"XS";"CUST-011";"Caner Aydın";348;2088;0;348;5
"2025-11-26";"INV-2024-0479";"731907993809";"SKU-ELB-WHT-XL";"Elbise";"WHT";"Beyaz";"XL";"CUST-014";"Emre Kılıç";1785;8568;0;1428;4
"2025-04-29";"INV-2024-0480";"144441942106";"SKU-TIS-YLW-S";"Tişört";"YLW";"Sarı";"S";"CUST-014";"Emre Kılıç";1677;7262.4;656;1210.4;4
"2025-05-20";"INV-2024-0481";"297305792162";"SKU-ŞOR-BLK-S";"Şort";"BLK";"Siyah";"S";"CUST-005";"Mustafa Şahin";540;3240;0;540;5
"2025-07-18";"INV-2024-0482";"102235697705";"SKU-ELB-PRP-XL";"Elbise";"PRP";"Mor";"XL";"CUST-005";"Mustafa Şahin";1746;2095.2;0;349.2;1
"2025-05-26";"INV-2024-0483";"809560300005";"SKU-ELB-GRY-L";"Elbise";"GRY";"Gri";"L";"CUST-008";"Elif Arslan";1796;8620.8;0;1436.8;4
"2025-05-15";"INV-2024-0484";"902795830061";"SKU-MON-YLW-XL";"Mont";"YLW";"Sarı";"XL";"CUST-007";"Ali Özdemir";368;393.6;40;65.6;1
"2026-01-17";"INV-2024-0485";"363887186663";"SKU-ELB-RED-XXL";"Elbise";"RED";"Kırmızı";"XXL";"CUST-009";"Hüseyin Doğan";474;2844;0;474;5
"2026-01-16";"INV-2024-0486";"706876410350";"SKU-KAZ-YLW-XXL";"Kazak";"YLW";"Sarı";"XXL";"CUST-015";"Gökhan Çetin";1431;3434.4;0;572.4;2
"2025-06-14";"INV-2024-0487";"154817191114";"SKU-HIR-YLW-XL";"Hırka";"YLW";"Sarı";"XL";"CUST-003";"Mehmet Kaya";1297;1556.4;0;259.4;1
"2025-07-25";"INV-2024-0488";"673187439506";"SKU-CEK-BLU-M";"Ceket";"BLU";"Mavi";"M";"CUST-012";"Burcu Kaplan";908;3009.6;216;501.6;3
"2025-07-08";"INV-2024-0489";"597744579954";"SKU-ETE-BLU-XXL";"Etek";"BLU";"Mavi";"XXL";"CUST-012";"Burcu Kaplan";1541;1737.6;93;289.6;1
"2025-03-15";"INV-2024-0490";"230314582949";"SKU-GOM-WHT-XL";"Gömlek";"WHT";"Beyaz";"XL";"CUST-006";"Zeynep Yıldız";1711;5649.6;425;941.6;3
"2025-06-07";"INV-2024-0491";"585395203817";"SKU-MON-RED-XS";"Mont";"RED";"Kırmızı";"XS";"CUST-007";"Ali Özdemir";1468;1761.6;0;293.6;1
"2025-06-01";"INV-2024-0492";"427654707980";"SKU-PAN-GRN-L";"Pantolon";"GRN";"Yeşil";"L";"CUST-006";"Zeynep Yıldız";787;3777.6;0;629.6;4
"2025-12-08";"INV-2024-0493";"315037004720";"SKU-KAZ-GRY-L";"Kazak";"GRY";"Gri";"L";"CUST-007";"Ali Özdemir";1773;6382.8;0;1063.8;3
"2025-07-02";"INV-2024-0494";"650549225630";"SKU-CEK-PRP-L";"Ceket";"PRP";"Mor";"L";"CUST-013";"Selin Öztürk";1005;5012.4;848;835.4;5
"2025-09-25";"INV-2024-0495";"147141533952";"SKU-ELB-PRP-XS";"Elbise";"PRP";"Mor";"XS";"CUST-009";"Hüseyin Doğan";1378;3307.2;0;551.2;2
"2025-11-20";"INV-2024-0496";"976877229164";"SKU-ETE-GRN-XL";"Etek";"GRN";"Yeşil";"XL";"CUST-010";"Hatice Aslan";1702;10212;0;1702;5
"2026-01-31";"INV-2024-0497";"304801223704";"SKU-MON-BLK-S";"Mont";"BLK";"Siyah";"S";"CUST-004";"Fatma Çelik";311;746.4;0;124.4;2
"2025-06-11";"INV-2024-0498";"370486318898";"SKU-ELB-PRP-XS";"Elbise";"PRP";"Mor";"XS";"CUST-002";"Ayşe Demir";637;764.4;0;127.4;1
"2025-09-15";"INV-2024-0499";"271903188197";"SKU-HIR-BLK-M";"Hırka";"BLK";"Siyah";"M";"CUST-015";"Gökhan Çetin";1848;6652.8;0;1108.8;3
"2025-10-14";"INV-2024-0500";"787531833026";"SKU-MON-WHT-XXL";"Mont";"WHT";"Beyaz";"XXL";"CUST-009";"Hüseyin Doğan";947;2272.8;0;378.8;2